Ticker,Name,Market,MarketCap,PER,PBR,EPS,DividendYield,Beta,52WeekHigh,52WeekLow,Volume,AverageVolume
095570.KS,AJ네트웍스,KOSPI,211001196544.0,,,,5.73,0.626,4870.0,3517.0,176696.0,239947.0
006840.KS,AK홀딩스,KOSPI,117409456128.0,,,,4.44,1.322,13500.0,8950.0,26463.0,13293.0
027410.KS,BGF,KOSPI,382356520960.0,,,,3.25,,4615.0,3290.0,61891.0,88603.0
282330.KS,BGF리테일,KOSPI,1943439278080.0,,,,3.64,0.103,129800.0,98000.0,51517.0,49131.0
138930.KS,BNK금융지주,KOSPI,4691223117824.0,,,,5.43,0.467,16050.0,9260.0,606741.0,926583.0
001460.KS,BYC,KOSPI,341386526720.0,,,,0.85,0.409,45050.0,25550.0,16340.0,3858.0
001465.KS,BYC우,KOSPI,286463000576.0,,,,1.51,0.409,29500.0,11880.0,3577.0,3132.0
001040.KS,CJ,KOSPI,6223341551616.0,,,,1.62,,208500.0,89400.0,267312.0,182568.0
079160.KS,CJ CGV,KOSPI,930563358720.0,,,,,1.359,5840.0,4230.0,747967.0,514806.0
00104K.KS,CJ4우(전환),KOSPI,5354890461184.0,,,,1.88,,174700.0,72100.0,21694.0,13085.0
000120.KS,CJ대한통운,KOSPI,1884814573568.0,,,,0.85,,98500.0,77400.0,56052.0,67400.0
011150.KS,CJ씨푸드,KOSPI,99179593728.0,,,,,,3645.0,2530.0,2759677.0,677899.0
011155.KS,CJ씨푸드1우,KOSPI,554972151808.0,,,,,,24900.0,12010.0,2341.0,704.0
001045.KS,CJ우,KOSPI,4718757150720.0,,,,3.28,,111000.0,54000.0,9392.0,8652.0
097950.KS,CJ제일제당,KOSPI,3493053857792.0,,,,2.75,,278500.0,217000.0,54028.0,76173.0
097955.KS,CJ제일제당 우,KOSPI,3418044235776.0,,,,4.37,,153400.0,124600.0,3570.0,5632.0
000480.KS,CR홀딩스,KOSPI,203394793472.0,,,,8.32,0.754,5990.0,4700.0,23268.0,90588.0
000590.KS,CS홀딩스,KOSPI,78457880576.0,,,,0.66,,102100.0,63300.0,1353.0,1355.0
012030.KS,DB,KOSPI,262858014720.0,,,,,,1770.0,1127.0,239580.0,2366690.0
005830.KS,DB손해보험,KOSPI,7163185987584.0,,,,5.7,,148300.0,77500.0,142987.0,187802.0
016610.KS,DB증권,KOSPI,406505619456.0,,,,3.95,1.055,11060.0,5040.0,140513.0,186265.0
000990.KS,DB하이텍,KOSPI,2555479064576.0,,,,1.99,,72700.0,29100.0,555648.0,650717.0
000300.KS,DH오토넥스,KOSPI,0.0,,,,,,10543103.0,241.0,,
001530.KS,DI동일,KOSPI,350151278592.0,,,,1.41,,50500.0,15730.0,198831.0,162518.0
015590.KS,DKME,KOSPI,122045489152.0,,,,,0.5,532.0,488.0,0.0,0.0
000210.KS,DL,KOSPI,878585118720.0,,,,2.57,0.362,56400.0,27900.0,56171.0,81256.0
000215.KS,DL우,KOSPI,1071534440448.0,,,,4.03,0.362,30800.0,18070.0,13390.0,10493.0
375500.KS,DL이앤씨,KOSPI,1664219217920.0,,,,1.38,0.608,59700.0,30000.0,106912.0,206832.0
37550L.KS,DL이앤씨2우(전환),KOSPI,,,,,1.9,0.608,39150.0,20000.0,2711.0,2254.0
37550K.KS,DL이앤씨우,KOSPI,1897161162752.0,,,,2.72,0.608,27300.0,14900.0,8217.0,12309.0
007340.KS,DN오토모티브,KOSPI,1198296662016.0,,,,4.75,0.676,31600.0,17200.0,81307.0,94541.0
004840.KS,DRB동일,KOSPI,92121899008.0,,,,2.09,,5840.0,3660.0,12914.0,33095.0
155660.KS,DSR,KOSPI,61839998976.0,,,,1.81,0.861,4900.0,3410.0,12071.0,17212.0
069730.KS,DSR제강,KOSPI,50112000000.0,,,,2.87,0.744,4365.0,2990.0,36596.0,30939.0
017860.KS,DS단석,KOSPI,332869140480.0,,,,,,64000.0,18440.0,57077.0,87801.0
092780.KS,DYP,KOSPI,40450088960.0,,,,2.5,,5230.0,3035.0,22240.0,51929.0
017940.KS,E1,KOSPI,483354378240.0,,,,4.13,0.507,100000.0,54200.0,17053.0,14805.0
365550.KS,ESR켄달스퀘어리츠,KOSPI,1086482874368.0,,,,6.21,,5050.0,4050.0,343227.0,361881.0
383220.KS,F&F,KOSPI,2863426174976.0,,,,2.23,0.515,83500.0,47250.0,119913.0,84603.0
007700.KS,F&F홀딩스,KOSPI,768504758272.0,,,,2.29,,24950.0,11130.0,28190.0,32515.0
114090.KS,GKL,KOSPI,921030950912.0,,,,1.89,,17970.0,10440.0,250495.0,299859.0
078930.KS,GS,KOSPI,5623704977408.0,,,,4.55,0.431,62400.0,34700.0,224386.0,251229.0
006360.KS,GS건설,KOSPI,1595911307264.0,,,,1.6,0.815,24850.0,15190.0,255233.0,398514.0
001250.KS,GS글로벌,KOSPI,195926097920.0,,,,1.05,0.768,3400.0,2330.0,166371.0,365191.0
007070.KS,GS리테일,KOSPI,1880225873920.0,,,,2.22,0.357,29073.965,13350.0,245903.0,194135.0
078935.KS,GS우,KOSPI,4886939303936.0,,,,5.6,0.431,51300.0,34300.0,5820.0,8210.0
499790.KS,GS피앤엘,KOSPI,1058477178880.0,,,,,,59300.0,16510.0,404823.0,232834.0
012630.KS,HDC,KOSPI,881625268224.0,,,,1.97,0.547,25350.0,11000.0,211933.0,161226.0
039570.KS,HDC랩스,KOSPI,192525074432.0,,,,5.37,0.347,10410.0,7540.0,19027.0,13582.0
089470.KS,HDC현대EP,KOSPI,105542500352.0,,,,3.44,0.533,4275.0,3200.0,39861.0,42038.0
294870.KS,HDC현대산업개발,KOSPI,1293942915072.0,,,,3.45,0.767,27850.0,15870.0,727191.0,238459.0
009540.KS,HD한국조선해양,KOSPI,29700145545216.0,,,,1.98,1.162,494500.0,181300.0,154263.0,285004.0
267250.KS,HD현대,KOSPI,14381025853440.0,,,,1.77,0.879,237000.0,66300.0,152161.0,214189.0
267270.KS,HD현대건설기계,KOSPI,1569128185856.0,,,,0.55,1.164,120000.0,55600.0,96063.0,163175.0
443060.KS,HD현대마린솔루션,KOSPI,9145158729728.0,,,,2.35,,257000.0,122700.0,79678.0,111346.0
071970.KS,HD현대마린엔진,KOSPI,2628913987584.0,,,,,1.254,106600.0,17000.0,152300.0,354193.0
010620.KS,HD현대미포,KOSPI,8894197792768.0,,,,0.53,0.876,257000.0,99500.0,159583.0,401247.0
322000.KS,HD현대에너지솔루션,KOSPI,576800030720.0,,,,,,77600.0,18590.0,101257.0,163930.0
042670.KS,HD현대인프라코어,KOSPI,2640140304384.0,,,,0.5,,18300.0,6640.0,692377.0,1627524.0
267260.KS,HD현대일렉트릭,KOSPI,27030521380864.0,,,,0.97,,976000.0,264500.0,221598.0,174718.0
329180.KS,HD현대중공업,KOSPI,49269079801856.0,,,,0.68,,640000.0,200500.0,161421.0,251730.0
097230.KS,HJ중공업,KOSPI,1814816882688.0,,,,,,34350.0,3210.0,1852240.0,8577273.0
014790.KS,HL D&I,KOSPI,96918011904.0,,,,,0.736,3095.0,2070.0,131456.0,225276.0
003580.KS,HLB글로벌,KOSPI,104143192064.0,,,,,-0.123,5380.0,1925.0,162873.0,560808.0
204320.KS,HL만도,KOSPI,1847762616320.0,,,,1.78,0.918,47000.0,32100.0,381998.0,220200.0
060980.KS,HL홀딩스,KOSPI,409340510208.0,,,,4.55,0.564,45000.0,33150.0,51402.0,28174.0
011200.KS,HMM,KOSPI,19629506297856.0,,,,3.13,1.284,26250.0,17260.0,811115.0,1622451.0
035000.KS,HS애드,KOSPI,140196118528.0,,,,7.51,,9480.0,6150.0,21342.0,25695.0
002460.KS,HS화성,KOSPI,112914219008.0,,,,4.19,,11940.0,8320.0,16674.0,25408.0
487570.KS,HS효성,KOSPI,242016616448.0,,,,,,100800.0,27600.0,12608.0,27435.0
298050.KS,HS효성첨단소재,KOSPI,885561950208.0,,,,3.28,1.106,233500.0,154700.0,12939.0,12541.0
003560.KS,IHQ,KOSPI,0.0,,,,,,10750.7,3585.0,,
015360.KS,INVENI,KOSPI,261997199360.0,,,,4.9,0.207,67800.0,45000.0,11599.0,7458.0
175330.KS,JB금융지주,KOSPI,4403770163200.0,,,,2.76,,26250.0,15580.0,267701.0,355903.0
234080.KS,JW생명과학,KOSPI,236913672192.0,,,,3.27,0.47,15530.0,10000.0,148973.0,76798.0
001060.KS,JW중외제약,KOSPI,581018451968.0,,,,1.79,,26000.0,19600.0,47053.0,62057.0
001067.KS,JW중외제약2우B,KOSPI,1408714932224.0,,,,0.74,,65600.0,56100.0,6.0,64.0
001065.KS,JW중외제약우,KOSPI,671207129088.0,,,,1.72,,30900.0,26300.0,178.0,194.0
096760.KS,JW홀딩스,KOSPI,243969376256.0,,,,3.3,0.718,4140.0,2650.0,116758.0,69738.0
008970.KS,KBI동양철관,KOSPI,166347784192.0,,,,,0.722,4350.0,1160.0,795971.0,2322549.0
105560.KS,KB금융,KOSPI,43880313520128.0,,,,3.09,0.567,140000.0,69300.0,714841.0,971586.0
415640.KS,KB발해인프라,KOSPI,,,,,,,10600.0,7070.0,226582.0,149142.0
432320.KS,KB스타리츠,KOSPI,367119728640.0,,,,9.39,,4150.0,3085.0,115085.0,79814.0
002380.KS,KCC,KOSPI,2945345388544.0,,,,2.5,,460000.0,216500.0,20152.0,36939.0
344820.KS,KCC글라스,KOSPI,425686990848.0,,,,5.99,,39750.0,24950.0,25294.0,39952.0
009070.KS,KCTC,KOSPI,152519327744.0,,,,1.47,1.617,7940.0,3445.0,141341.0,399492.0
009440.KS,KC그린홀딩스,KOSPI,17334429696.0,,,,,,1360.0,732.0,0.0,0.0
119650.KS,KC코트렐,KOSPI,50391457792.0,,,,,1.295,1581.6678,446.0,0.0,0.0
092220.KS,KEC,KOSPI,138727325696.0,,,,,,944.0,627.0,1009134.0,1083583.0
003620.KS,KG모빌리티,KOSPI,655694692352.0,,,,,,24425.0,3160.0,193485.0,263164.0
016380.KS,KG스틸,KOSPI,513225850880.0,,,,4.72,,7150.0,5100.0,73840.0,147501.0
001390.KS,KG케미칼,KOSPI,362885906432.0,,,,2.45,1.038,6060.0,3310.0,560099.0,536578.0
033180.KS,KH 필룩스,KOSPI,0.0,,,,,,5304.0,442.0,,
001940.KS,KISCO홀딩스,KOSPI,327734427648.0,,,,10.79,,29450.0,18060.0,14313.0,14373.0
025000.KS,KPX케미칼,KOSPI,240138665984.0,,,,6.44,,54100.0,41700.0,7322.0,7060.0
092230.KS,KPX홀딩스,KOSPI,279115825152.0,,,,5.99,0.562,75100.0,51500.0,4923.0,2306.0
000040.KS,KR모터스,KOSPI,28317114368.0,,,,,0.449,841.0,350.0,43583.0,353561.0
044450.KS,KSS해운,KOSPI,211777175552.0,,,,4.26,0.633,10820.0,8040.0,29966.0,50087.0
030200.KS,KT,KOSPI,12030643798016.0,,,,4.81,0.019,59200.0,43550.0,391263.0,367868.0
033780.KS,KT&G,KOSPI,15706380828672.0,,,,3.85,,149400.0,94600.0,434334.0,349475.0
058850.KS,KTcs,KOSPI,109832617984,,,,3.45,,3195.0,2410.0,142072,663443
058860.KS,KTis,KOSPI,83745103872,,,,4.39,0.399,3060.0,2305.0,159134,130324
093050.KS,LF,KOSPI,477296918528,,,,4.01,,21900.0,13660.0,61838,48537
003550.KS,LG,KOSPI,12228314005504,,,,5.17,0.774,91700.0,58300.0,250653,297450
034220.KS,LG디스플레이,KOSPI,6075000029184,,,,,1.158,15620.0,7150.0,1631832,2889708
051900.KS,LG생활건강,KOSPI,4943032877056,,,,1.53,0.981,355500.0,279000.0,46143,54756
051905.KS,LG생활건강우,KOSPI,4370363580416,,,,3.87,0.981,149900.0,107200.0,5374,9622
064400.KS,LG씨엔에스,KOSPI,5532187885568,,,,1.31,,100800.0,46500.0,569830,942026
373220.KS,LG에너지솔루션,KOSPI,99566997209088,,,,,1.06,527000.0,266000.0,242702,347821
003555.KS,LG우,KOSPI,12806712721408,,,,6.29,0.774,70000.0,51150.0,6386,11150
032640.KS,LG유플러스,KOSPI,6705322131456,,,,4.17,0.255,16500.0,9860.0,840011,1001068
011070.KS,LG이노텍,KOSPI,5466501414912,,,,0.9,0.61,259500.0,121000.0,142864,241619
066570.KS,LG전자,KOSPI,15557696946176,,,,1.16,1.293,96400.0,64100.0,311895,746350
066575.KS,LG전자우,KOSPI,16477056925696,,,,2.21,1.293,54700.0,31900.0,116195,123909
037560.KS,LG헬로비전,KOSPI,181225668608,,,,,,3535.0,2070.0,63253,140693
051910.KS,LG화학,KOSPI,28726962159616,,,,0.27,,428500.0,181500.0,315503,341242
051915.KS,LG화학우,KOSPI,27307926355968,,,,0.57,,218000.0,91000.0,49493,52992
079550.KS,LIG넥스원,KOSPI,8781790445568,,,,0.6,0.653,650000.0,168800.0,106470,183519
006260.KS,LS,KOSPI,4982721478656,,,,0.91,,235000.0,85300.0,176610,211074
010120.KS,LS ELECTRIC,KOSPI,13099707924480,,,,0.66,1.061,539000.0,137200.0,480882,246305
000680.KS,LS네트웍스,KOSPI,238379122688,,,,,1.451,5420.0,2460.0,232050,248696
229640.KS,LS에코에너지,KOSPI,1053883236352,,,,0.58,,51300.0,22800.0,127389,290343
108320.KS,LX세미콘,KOSPI,840864301056,,,,4.64,,68000.0,46150.0,61536,58109
001120.KS,LX인터내셔널,KOSPI,1113206685696,,,,6.46,,34550.0,23700.0,88131,106944
108670.KS,LX하우시스,KOSPI,304381820928,,,,3.28,1.257,36550.0,27000.0,17895,28946
108675.KS,LX하우시스우,KOSPI,266663362560,,,,6.14,1.257,22500.0,16350.0,491,3133
383800.KS,LX홀딩스,KOSPI,1180523298816,,,,3.68,0.583,10420.0,5920.0,180222,214806
38380K.KS,LX홀딩스1우,KOSPI,1333165555712,,,,3.49,0.583,9660.0,7400.0,1156,1288
023150.KS,MH에탄올,KOSPI,31850375168,,,,5.03,0.271,5880.0,4555.0,7188,8297
035420.KS,NAVER,KOSPI,39201017954304,,,,0.43,1.117,295000.0,176200.0,1278706,1585014
181710.KS,NHN,KOSPI,1023263244288,,,,1.53,0.658,36200.0,16270.0,55126,127998
400760.KS,NH올원리츠,KOSPI,154690781184,,,,9.53,,3745.0,3115.0,223727,157760
005940.KS,NH투자증권,KOSPI,7710674780160,,,,4.62,,23500.0,12110.0,570526,810786
005945.KS,NH투자증권우,KOSPI,7849818718208,,,,5.32,,20250.0,11810.0,54624,75970
338100.KS,NH프라임리츠,KOSPI,91154096128,,,,13.18,,4975.0,3835.0,76411,65244
034310.KS,NICE,KOSPI,495316008960,,,,3.52,,14480.0,10310.0,126316,60791
030190.KS,NICE평가정보,KOSPI,997223825408,,,,2.7,0.388,17770.0,11040.0,49583,108768
008260.KS,NI스틸,KOSPI,96682450944,,,,2.92,,4230.0,3080.0,49070,81774
004250.KS,NPC,KOSPI,147152699392,,,,2.72,,4700.0,3750.0,17748,37290
004255.KS,NPC우,KOSPI,152147476480,,,,4.39,,2790.0,2285.0,15114,10443
456040.KS,OCI,KOSPI,521035218944,,,,3.78,1.318,71000.0,49000.0,31469,43776
010060.KS,OCI홀딩스,KOSPI,1917561339904,,,,2.15,0.821,131800.0,54900.0,90695,153116
178920.KS,PI첨단소재,KOSPI,472797773824,,,,2.17,1.075,23500.0,14250.0,161963,109683
001340.KS,PKC,KOSPI,251208417280,,,,,,9000.0,5220.0,87262,94748
005490.KS,POSCO홀딩스,KOSPI,23480250662912,,,,3.22,1.497,342000.0,227500.0,308950,327694
010950.KS,S-Oil,KOSPI,10442930913280,,,,2.64,0.695,90600.0,50000.0,406566,346953
010955.KS,S-Oil우,KOSPI,8602393772032,,,,0.1,0.695,51000.0,33800.0,26756,22484
034120.KS,SBS,KOSPI,357984010240,,,,,0.633,29700.0,14970.0,28027,49067
003080.KS,SB성보,KOSPI,57686720512,,,,6.96,,2970.0,2390.0,53222,49634
005090.KS,SGC에너지,KOSPI,334248017920,,,,7.33,0.437,29250.0,20700.0,22550,22425
001380.KS,SG글로벌,KOSPI,79496609792,,,,,1.214,4820.0,1586.0,1158939,243759
004060.KS,SG세계물산,KOSPI,77941768192,,,,,0.729,393.0,294.0,38540691,975203
001770.KS,SHD,KOSPI,21551935488,,,,0.56,,19840.0,13150.0,276,2360
002360.KS,SH에너지화학,KOSPI,40856932352,,,,,,600.0,354.0,420882,381266
009160.KS,SIMPAC,KOSPI,253205446656,,,,4.27,,5240.0,3400.0,61313,89140
033530.KS,SJG세종,KOSPI,216959451136,,,,1.87,,10370.0,3550.0,408030,1101756
123700.KS,SJM,KOSPI,57426026496,,,,4.76,,3830.0,2750.0,32908,83978
025530.KS,SJM홀딩스,KOSPI,50277888000,,,,6.06,0.235,3920.0,2905.0,7726,13450
034730.KS,SK,KOSPI,13575978483712,,,,2.81,,285000.0,114800.0,194277,248449
011790.KS,SKC,KOSPI,3607863492608,,,,,,181000.0,85900.0,216969,402042
018670.KS,SK가스,KOSPI,2319431761920,,,,3.1,0.062,300000.0,190000.0,16518,12170
001740.KS,SK네트웍스,KOSPI,874700472320,,,,5.54,,5070.0,3805.0,130002,280896
006120.KS,SK디스커버리,KOSPI,1140452098048,,,,2.75,0.604,68300.0,34200.0,31880,27481
006125.KS,SK디스커버리우,KOSPI,971069587456,,,,4.41,0.604,45850.0,30150.0,3370,4149
210980.KS,SK디앤디,KOSPI,234994941952,,,,4.75,0.617,12800.0,6330.0,42040,151503
395400.KS,SK리츠,KOSPI,1440325173248,,,,5.0,,5400.0,4330.0,289429,362393
302440.KS,SK바이오사이언스,KOSPI,4106543169536,,,,,1.177,61300.0,35800.0,125546,187080
326030.KS,SK바이오팜,KOSPI,9906626232320,,,,,,131400.0,86900.0,184739,236039
402340.KS,SK스퀘어,KOSPI,35206664814592,,,,,1.533,327000.0,71800.0,654899,588632
361610.KS,SK아이이테크놀로지,KOSPI,2024851636224,,,,,,35100.0,19310.0,119307,172294
100090.KS,SK오션플랜트,KOSPI,1139815612416,,,,,,31500.0,11110.0,701726,3136186
03473K.KS,SK우,KOSPI,16925327360000,,,,3.8,,210000.0,106500.0,10352,7894
096770.KS,SK이노베이션,KOSPI,18967141810176,,,,1.76,1.819,140200.0,80800.0,193498,382533
096775.KS,SK이노베이션우,KOSPI,21189722374144,,,,2.68,1.819,85100.0,55600.0,2498,4401
475150.KS,SK이터닉스,KOSPI,608848510976,,,,,,30600.0,11500.0,495798,837337
001510.KS,SK증권,KOSPI,273178099712,,,,0.15,0.892,826.0,424.0,1547256,3471625
001515.KS,SK증권우,KOSPI,214770991104,,,,0.27,0.892,3070.0,1595.0,10288,30366
285130.KS,SK케미칼,KOSPI,1376647380992,,,,0.56,1.129,81800.0,33500.0,51945,77358
28513K.KS,SK케미칼우,KOSPI,1330463113216,,,,1.36,1.129,34300.0,17150.0,13185,19673
017670.KS,SK텔레콤,KOSPI,11373253754880,,,,6.22,0.354,61900.0,50400.0,919295,752843
000660.KS,SK하이닉스,KOSPI,359704685445120,,,,0.29,1.566,646000.0,157600.0,6930325,4116852
003570.KS,SNT다이내믹스,KOSPI,930464530432,,,,5.78,1.186,76400.0,16260.0,91742,114641
064960.KS,SNT모티브,KOSPI,706686156800,,,,6.24,0.582,39950.0,19575.0,38714,72548
100840.KS,SNT에너지,KOSPI,751910191104,,,,3.15,0.672,67900.0,15600.0,109045,227058
036530.KS,SNT홀딩스,KOSPI,806155911168,,,,6.53,0.595,89000.0,20800.0,14119,30257
005610.KS,SPC삼립,KOSPI,413366386688,,,,3.53,0.069,69500.0,45200.0,6329,6702
011810.KS,STX,KOSPI,109359579136,,,,,1.887,5380.0,3080.0,0,0
465770.KS,STX그린로지스,KOSPI,45868269568,,,,,2.914,12400.0,6280.0,18480,91079
077970.KS,STX엔진,KOSPI,1230253195264,,,,,0.673,49800.0,15150.0,317857,807473
002820.KS,SUN&L,KOSPI,28469161984,,,,,0.607,3245.0,2285.0,8273,10418
084870.KS,TBH글로벌,KOSPI,27009581056,,,,3.09,0.325,1700.0,1018.0,21355,47459
002710.KS,TCC스틸,KOSPI,395302535168,,,,0.66,,37900.0,14900.0,103904,183612
069260.KS,TKG휴켐스,KOSPI,689908350976,,,,5.56,0.344,19230.0,14310.0,74699,62348
007980.KS,TP,KOSPI,83432415232,,,,2.79,1.591,2310.0,1248.0,391695,1334163
002900.KS,TYM,KOSPI,246877929472,,,,1.8,0.08,7140.0,3905.0,709937,382897
024070.KS,WISCOM,KOSPI,28323258368,,,,2.71,,2925.0,1704.0,7311,18303
037270.KS,YG PLUS,KOSPI,382479335424,,,,,,11400.0,3540.0,582928,1649244
139130.KS,iM금융지주,KOSPI,2249339437056,,,,3.54,,15600.0,8150.0,309071,521447
000500.KS,가온전선,KOSPI,1111697391616,,,,,0.911,98600.0,34400.0,42206,77087
000860.KS,강남제비스코,KOSPI,155999993856,,,,2.08,,13700.0,10575.0,19935,22505
035250.KS,강원랜드,KOSPI,3551188746240,,,,6.6,0.659,20700.0,14680.0,785523.0,435485.0
011420.KS,갤럭시아에스엠,KOSPI,57441009664,,,,,1.731,3070.0,1773.0,207851.0,210417.0
002100.KS,경농,KOSPI,164890722304,,,,4.88,,10730.0,8500.0,20610.0,20468.0
009450.KS,경동나비엔,KOSPI,816590684160,,,,1.15,,107700.0,55400.0,45881.0,61250.0
267290.KS,경동도시가스,KOSPI,124582526976,,,,4.14,0.404,22800.0,16970.0,13147.0,12306.0
012320.KS,경동인베스트,KOSPI,110543847424,,,,1.48,0.19,76100.0,49900.0,2757.0,8888.0
000050.KS,경방,KOSPI,172164513792,,,,2.17,0.391,10920.0,5900.0,15894.0,23831.0
214390.KS,경보제약,KOSPI,140572344320,,,,0.85,1.157,7500.0,4755.0,20836.0,57824.0
012610.KS,경인양행,KOSPI,114393210880,,,,1.79,0.612,3545.0,2520.0,38584.0,48231.0
009140.KS,경인전자,KOSPI,26702008320,,,,1.71,0.295,23000.0,17930.0,2627.0,6106.0
013580.KS,계룡건설,KOSPI,158554570752,,,,2.23,1.041,31750.0,11880.0,21095.0,53260.0
012200.KS,계양전기,KOSPI,39340118016,,,,,,1857.0,1300.0,10089.0,39250.0
012205.KS,계양전기우,KOSPI,80802897920,,,,,,4400.0,2855.0,242.0,2185.0
002140.KS,고려산업,KOSPI,60815048704,,,,1.22,-0.165,3280.0,2385.0,62421.0,66417.0
010130.KS,고려아연,KOSPI,20504419237888,,,,1.77,0.097,2407000.0,643000.0,23633.0,37343.0
002240.KS,고려제강,KOSPI,493535723520,,,,1.91,,19470.0,15950.0,35140.0,23564.0
009290.KS,광동제약,KOSPI,234112450560,,,,1.68,0.279,6900.0,5110.0,280773.0,142132.0
017040.KS,광명전기,KOSPI,53756747776,,,,,1.116,2240.0,982.0,215557.0,1201788.0
017900.KS,광전자,KOSPI,91561320448,,,,2.75,,2060.0,1538.0,31965.0,41422.0
037710.KS,광주신세계,KOSPI,235679612928,,,,7.12,,35000.0,25650.0,10247.0,14530.0
030610.KS,교보증권,KOSPI,1031625965568,,,,5.47,0.755,10800.0,5300.0,82226.0,171695.0
339770.KS,교촌에프앤비,KOSPI,221844963328,,,,4.5,0.078,6465.0,4080.0,110361.0,97568.0
007690.KS,국도화학,KOSPI,267035049984,,,,1.87,0.505,42250.0,25631.068,22587.0,17984.0
001140.KS,국보,KOSPI,0,,,,,,2110.0,2110.0,,
002720.KS,국제약품,KOSPI,87151509504,,,,0.7,0.543,5870.0,4095.0,115579.0,122194.0
083420.KS,그린케미칼,KOSPI,152787419136,,,,3.66,,10140.0,4210.0,45375.0,68838.0
014530.KS,극동유화,KOSPI,110604042240,,,,6.09,,4345.0,3115.0,7669799.0,280075.0
014280.KS,금강공업,KOSPI,157739319296,,,,2.04,1.229,8470.0,3800.0,1849855.0,2174728.0
014285.KS,금강공업우,KOSPI,69792964608,,,,1.64,1.229,12200.0,5950.0,12714.0,26046.0
008870.KS,금비,KOSPI,44280848384,,,,2.59,0.573,65200.0,50500.0,1685.0,3659.0
001570.KS,금양,KOSPI,632041439232,,,,,,33800.0,9790.0,0.0,0.0
002990.KS,금호건설,KOSPI,137763405824,,,,,1.015,4340.0,2305.0,71200.0,113663.0
002995.KS,금호건설우,KOSPI,402859360256,,,,,1.015,21500.0,8800.0,141.0,752.0
011780.KS,금호석유화학,KOSPI,3001179701248,,,,1.9,0.88,133300.0,87300.0,47324.0,86430.0
011785.KS,금호석유화학우,KOSPI,2860782452736,,,,3.6,0.88,70000.0,46450.0,11294.0,8714.0
214330.KS,금호에이치티,KOSPI,111423447040,,,,,0.466,771.0,490.0,531087.0,491266.0
001210.KS,금호전기,KOSPI,37019746304,,,,,0.671,1398.0,589.0,221876.0,402300.0
073240.KS,금호타이어,KOSPI,1510989103104,,,,,0.558,5660.0,4060.0,503346.0,683034.0
092440.KS,기신정기,KOSPI,67306000384,,,,4.34,0.247,2885.0,2170.0,6698.0,30168.0
000270.KS,기아,KOSPI,44439011590144,,,,5.7,0.759,126200.0,81300.0,740325.0,963675.0
024110.KS,기업은행,KOSPI,16147873267712,,,,5.26,0.272,22400.0,13390.0,860415.0,944160.0
013700.KS,까뮤이앤씨,KOSPI,65666162688,,,,1.82,1.052,1775.0,997.0,67011.0,75683.0
004540.KS,깨끗한나라,KOSPI,73286836224,,,,,,3065.0,1880.0,64125.0,79029.0
004545.KS,깨끗한나라우,KOSPI,63512326144,,,,,,18000.0,10780.0,52.0,416.0
001260.KS,남광토건,KOSPI,72204296192,,,,,,12240.0,6960.0,41486.0,32323.0
008350.KS,남선알미늄,KOSPI,132751040512,,,,,0.734,1830.0,1004.0,198807.0,440691.0
008355.KS,남선알미우,KOSPI,1577227255808,,,,,0.734,21400.0,11800.0,80.0,611.0
004270.KS,남성,KOSPI,27187918848,,,,,,1313.0,777.0,32190.0,57510.0
003920.KS,남양유업,KOSPI,404169195520,,,,0.19,0.6,83800.0,49700.0,4469.0,5085.0
003925.KS,남양유업우,KOSPI,372321419264,,,,0.31,0.6,48750.0,31400.0,4231.0,6612.0
025860.KS,남해화학,KOSPI,311187046400,,,,1.23,,8330.0,5780.0,41902.0,68964.0
005720.KS,넥센,KOSPI,294602342400,,,,2.38,0.367,7460.0,4205.0,23428.0,47792.0
005725.KS,넥센우,KOSPI,337824612352,,,,3.13,0.367,5140.0,2875.0,1278.0,2205.0
002350.KS,넥센타이어,KOSPI,748416335872,,,,1.78,0.429,8010.0,4915.0,198481.0,165605.0
002355.KS,넥센타이어1우B,KOSPI,674370551808,,,,3.77,0.429,3760.0,2530.0,46581.0,18758.0
092790.KS,넥스틸,KOSPI,262360186880,,,,13.92,,18740.0,7190.0,142219.0,342983.0
251270.KS,넷마블,KOSPI,4252404023296,,,,0.8,1.133,69000.0,37500.0,122372.0,195046.0
090350.KS,노루페인트,KOSPI,167190298624,,,,4.33,0.799,10140.0,7000.0,45156.0,80983.0
090355.KS,노루페인트우,KOSPI,261314117632,,,,2.78,0.799,16430.0,11450.0,751.0,1226.0
000320.KS,노루홀딩스,KOSPI,229408391168,,,,2.52,,37150.0,12520.0,41853.0,49411.0
000325.KS,노루홀딩스우,KOSPI,315811627008,,,,1.84,,40000.0,26400.0,125.0,375.0
006280.KS,녹십자,KOSPI,1490561007616,,,,1.15,,180300.0,111800.0,27433.0,42062.0
005250.KS,녹십자홀딩스,KOSPI,731113717760,,,,3.15,1.06,18050.0,12000.0,55059.0,71418.0
005257.KS,녹십자홀딩스2우,KOSPI,1094181715968,,,,2.07,1.06,73900.0,18300.0,656.0,981.0
004370.KS,농심,KOSPI,2686027825152,,,,1.08,,579000.0,324000.0,35503.0,61930.0
072710.KS,농심홀딩스,KOSPI,435952254976,,,,2.66,,143500.0,61500.0,26277.0,127296.0
058730.KS,다스코,KOSPI,53235957760,,,,,0.369,3645.0,2405.0,585951.0,232722.0
030210.KS,다올투자증권,KOSPI,200487092224,,,,4.44,0.578,4250.0,2345.0,114058.0,118078.0
023590.KS,다우기술,KOSPI,1536170131456,,,,3.93,1.013,42350.0,17050.0,40011.0,79000.0
145210.KS,다이나믹디자인,KOSPI,27864563712,,,,,-0.486,2080.0,619.0,41014.0,436434.0
483650.KS,달바글로벌,KOSPI,1615382315008,,,,1.69,,247500.0,104600.0,104850.0,169646.0
019680.KS,대교,KOSPI,161272954880,,,,,0.571,2670.0,1885.0,57224.0,56277.0
019685.KS,대교우B,KOSPI,163116367872,,,,3.7,0.571,1600.0,1200.0,15520.0,19640.0
006370.KS,대구백화점,KOSPI,50498125824,,,,,0.726,11000.0,4965.0,30214.0,37461.0
008060.KS,대덕,KOSPI,351263981568,,,,4.92,,10540.0,6440.0,97103.0,135074.0
00806K.KS,대덕1우,KOSPI,317812047872,,,,5.47,,9740.0,6510.0,1327.0,3667.0
353200.KS,대덕전자,KOSPI,2439114129408,,,,0.84,1.455,54300.0,12870.0,1736747.0,1783914.0
35320K.KS,대덕전자1우,KOSPI,1672181317632,,,,2.59,1.455,18190.0,7030.0,105633.0,32043.0
000490.KS,대동,KOSPI,228856430592,,,,1.06,0.181,15880.0,8790.0,144321.0,99861.0
008110.KS,대동전자,KOSPI,0,,,,,,15040.0,15040.0,,
005750.KS,대림바스,KOSPI,85388886016,,,,2.88,0.521,5270.0,3525.0,127912.0,36462.0
006570.KS,대림통상,KOSPI,36681990144,,,,,0.557,3640.0,2280.0,1582.0,8601.0
001680.KS,대상,KOSPI,758184148992,,,,4.04,0.233,26100.0,18290.0,65629.0,80755.0
001685.KS,대상우,KOSPI,748995149824,,,,5.11,0.233,19800.0,15110.0,10438.0,7527.0
084690.KS,대상홀딩스,KOSPI,349727096832,,,,2.87,,18620.0,8050.0,94884.0,95343.0
084695.KS,대상홀딩스우,KOSPI,513081606144,,,,2.03,,31500.0,12100.0,7123.0,33767.0
128820.KS,대성산업,KOSPI,156959981568,,,,,,17100.0,2935.0,817658.0,215643.0
117580.KS,대성에너지,KOSPI,218916093952,,,,3.11,,11790.0,7250.0,21739.0,44439.0
016710.KS,대성홀딩스,KOSPI,133785640960,,,,3.0,,11260.0,6770.0,17619.0,18146.0
0030R0.KS,대신밸류리츠,KOSPI,269009993728,,,,1.62,,4960.0,4255.0,538479.0,86944.0
003540.KS,대신증권,KOSPI,1842536775680,,,,4.43,0.418,31950.0,15560.0,225162.0,290135.0
003547.KS,대신증권2우B,KOSPI,1608602615808,,,,6.02,0.418,21900.0,14060.0,26645.0,33699.0
003545.KS,대신증권우,KOSPI,1614252474368,,,,5.95,0.418,23200.0,14990.0,72465.0,80317.0
009190.KS,대양금속,KOSPI,62536167424,,,,,0.452,1998.0,1260.0,103079.0,215327.0
014160.KS,대영포장,KOSPI,105583869952,,,,,0.678,2525.0,940.0,188615.0,545229.0
047040.KS,대우건설,KOSPI,1419610161152,,,,,1.303,4805.0,2940.0,596951.0,1449750.0
003090.KS,대웅,KOSPI,940486361088,,,,0.87,,28850.0,17420.0,103502.0,138149.0
069620.KS,대웅제약,KOSPI,1979078410240,,,,0.35,0.517,181400.0,109000.0,33937.0,49689.0
000430.KS,대원강업,KOSPI,233739993088,,,,2.92,,4315.0,3245.0,65460.0,103842.0
006340.KS,대원전선,KOSPI,291669508096,,,,,1.092,4515.0,2205.0,7396228.0,5992748.0
006345.KS,대원전선우,KOSPI,105578438656.0,,,,,1.092,5990.0,2630.0,118722.0,138449.0
003220.KS,대원제약,KOSPI,270704345088.0,,,,2.38,,15910.0,12370.0,51235.0,32913.0
024890.KS,대원화성,KOSPI,31181088768.0,,,,,0.383,1310.0,744.0,64977.0,149321.0
002880.KS,대유에이텍,KOSPI,47510323200.0,,,,,,1530.0,863.0,119965.0,300036.0
012800.KS,대창,KOSPI,94789599232.0,,,,,0.746,1863.0,1118.0,342108.0,516785.0
015230.KS,대창단조,KOSPI,160108511232.0,,,,2.52,0.727,7080.0,4490.0,65080.0,117645.0
001070.KS,대한방직,KOSPI,23082692608.0,,,,,,7820.0,4730.0,17192.0,9910.0
006650.KS,대한유화,KOSPI,871447724032.0,,,,0.71,1.072,159900.0,68400.0,45094.0,49570.0
001440.KS,대한전선,KOSPI,4179794067456.0,,,,,1.613,28650.0,10000.0,3672110.0,3991215.0
084010.KS,대한제강,KOSPI,248253333504.0,,,,3.26,0.743,19210.0,14250.0,9449.0,17556.0
001790.KS,대한제당,KOSPI,246651863040.0,,,,4.2,,4500.0,2510.0,182059.0,215548.0
001795.KS,대한제당우,KOSPI,32699058176.0,,,,5.08,,5970.0,2205.0,32592.0,28707.0
001130.KS,대한제분,KOSPI,232794406912.0,,,,2.48,,172700.0,120900.0,3063.0,2574.0
439260.KS,대한조선,KOSPI,2508062982144.0,,,,,,116000.0,57300.0,298095.0,538369.0
003490.KS,대한항공,KOSPI,7904678117376.0,,,,3.5,,26750.0,19990.0,463029.0,1266566.0
003495.KS,대한항공우,KOSPI,8734687363072.0,,,,3.38,,30400.0,20000.0,2388.0,7200.0
005880.KS,대한해운,KOSPI,557707362304.0,,,,,1.483,1978.0,1364.0,3028502.0,2849649.0
003830.KS,대한화섬,KOSPI,126848802816.0,,,,0.64,,151000.0,102600.0,30.0,210.0
016090.KS,대현,KOSPI,75457060864.0,,,,5.28,0.439,2445.0,1651.0,116363.0,86140.0
069460.KS,대호에이엘,KOSPI,151154884608.0,,,,,1.32,2005.0,1116.0,479090.0,533398.0
475560.KS,더본코리아,KOSPI,373110145024.0,,,,1.19,,40850.0,23750.0,21551.0,30473.0
192080.KS,더블유게임즈,KOSPI,1033078243328.0,,,,2.32,0.125,63800.0,45550.0,34775.0,44980.0
012510.KS,더존비즈온,KOSPI,2629089624064.0,,,,0.51,,96600.0,49850.0,135160.0,314830.0
004830.KS,덕성,KOSPI,77391175680.0,,,,2.04,,9160.0,4740.0,45408.0,302405.0
004835.KS,덕성우,KOSPI,108168585216.0,,,,1.47,,14770.0,6790.0,6057.0,34962.0
145720.KS,덴티움,KOSPI,423864238080.0,,,,1.22,,85500.0,48850.0,50694.0,39827.0
002150.KS,도화엔지니어링,KOSPI,202438606848.0,,,,4.61,,7400.0,5810.0,28754.0,34547.0
460850.KS,동국씨엠,KOSPI,158196596736.0,,,,8.04,,7290.0,5030.0,18002.0,45904.0
460860.KS,동국제강,KOSPI,411265335296.0,,,,6.02,1.242,12400.0,7750.0,161973.0,164881.0
001230.KS,동국홀딩스,KOSPI,230462439424.0,,,,6.75,,9480.0,6300.0,22389.0,39170.0
023450.KS,동남합성,KOSPI,103204708352.0,,,,3.34,0.151,35200.0,28900.0,1057.0,1449.0
004140.KS,동방,KOSPI,127134187520.0,,,,0.75,,4120.0,1850.0,274680.0,936235.0
007590.KS,동방아그로,KOSPI,75674714112.0,,,,4.92,0.188,6370.0,5920.0,1598.0,6868.0
005960.KS,동부건설,KOSPI,129686904832.0,,,,3.58,0.744,6890.0,3375.0,30329.0,74028.0
005965.KS,동부건설우,KOSPI,356812980224.0,,,,1.63,0.744,28000.0,12600.0,2387.0,1533.0
026960.KS,동서,KOSPI,2757896962048.0,,,,4.08,0.388,32200.0,22450.0,64219.0,70859.0
002210.KS,동성제약,KOSPI,23749335040.0,,,,,-0.093,5470.0,973.0,0.0,0.0
102260.KS,동성케미컬,KOSPI,204644548608.0,,,,3.61,0.475,4615.0,3500.0,59788.0,74901.0
000640.KS,동아쏘시오홀딩스,KOSPI,682453893120.0,,,,1.6,,125300.0,90582.52,18461.0,14037.0
170900.KS,동아에스티,KOSPI,485650071552.0,,,,1.32,0.482,62843.137,40900.0,16315.0,23397.0
028100.KS,동아지질,KOSPI,204150226944.0,,,,3.18,0.439,17700.0,12060.0,12545.0,19817.0
001520.KS,동양,KOSPI,155192786944.0,,,,,0.842,1330.0,507.0,1384594.0,24159044.0
001527.KS,동양2우B,KOSPI,1630096195584.0,,,,,0.842,16520.0,6200.0,1976.0,22031.0
084670.KS,동양고속,KOSPI,41065660416.0,,,,,,15740.0,6410.0,523371.0,34900.0
082640.KS,동양생명,KOSPI,976951705600.0,,,,,0.327,8890.0,4375.0,96419.0,202590.0
001525.KS,동양우,KOSPI,211230408704.0,,,,,0.842,11530.0,3570.0,6554.0,72838.0
018500.KS,동원금속,KOSPI,60300795904.0,,,,3.88,,2800.0,960.0,92254.0,236813.0
006040.KS,동원산업,KOSPI,2035140132864.0,,,,3.58,0.239,55400.0,30181.818,33097.0,66040.0
030720.KS,동원수산,KOSPI,28574363648.0,,,,,0.802,7500.0,4105.0,412334.0,128917.0
014820.KS,동원시스템즈,KOSPI,772342349824.0,,,,3.41,1.198,47750.0,26250.0,12107.0,25768.0
014825.KS,동원시스템즈우,KOSPI,819946520576.0,,,,5.56,1.198,22350.0,16350.0,139.0,219.0
111380.KS,동인기연,KOSPI,77535182848.0,,,,7.02,,19690.0,12860.0,1783.0,10012.0
163560.KS,동일고무벨트,KOSPI,92852002816.0,,,,2.25,,8410.0,6070.0,22858.0,71329.0
004890.KS,동일산업,KOSPI,83935248384.0,,,,3.23,-0.187,47250.0,37350.0,1427.0,1231.0
002690.KS,동일제강,KOSPI,30490189824.0,,,,,,1831.0,1160.0,20218.0,48024.0
000020.KS,동화약품,KOSPI,169356558336.0,,,,2.95,0.362,7140.0,5600.0,61917.0,59752.0
000150.KS,두산,KOSPI,15253124415488.0,,,,0.23,1.504,1082000.0,187900.0,148352.0,151986.0
000157.KS,두산2우B,KOSPI,1336386387968.0,,,,0.41,1.504,616000.0,89000.0,2833.0,3461.0
454910.KS,두산로보틱스,KOSPI,4602218414080.0,,,,,,95500.0,39550.0,147992.0,549693.0
241560.KS,두산밥캣,KOSPI,5197259079680.0,,,,3.68,0.771,73900.0,37000.0,218966.0,269507.0
034020.KS,두산에너빌리티,KOSPI,46818004041728.0,,,,,1.605,97400.0,16910.0,3710469.0,6731343.0
000155.KS,두산우,KOSPI,15108178706432.0,,,,0.38,1.504,643000.0,93000.0,38066.0,37802.0
336260.KS,두산퓨얼셀,KOSPI,2459134328832.0,,,,,1.764,46300.0,12500.0,1399263.0,2307667.0
33626K.KS,두산퓨얼셀1우,KOSPI,1980309176320.0,,,,,1.764,9720.0,3940.0,28254.0,114748.0
33626L.KS,두산퓨얼셀2우B,KOSPI,,,,,,1.764,14300.0,6720.0,1604.0,25014.0
016740.KS,두올,KOSPI,110357381120.0,,,,3.16,,4240.0,2750.0,199064.0,202920.0
192650.KS,드림텍,KOSPI,453085986816.0,,,,2.95,0.565,9490.0,5500.0,175783.0,151989.0
024090.KS,디씨엠,KOSPI,104491212800.0,,,,6.59,0.041,14790.0,10420.0,19583.0,7998.0
003160.KS,디아이,KOSPI,581474779136.0,,,,0.45,1.479,27800.0,9860.0,945071.0,1776656.0
092200.KS,디아이씨,KOSPI,273545887744.0,,,,,1.51,7930.0,3250.0,5161509.0,2639491.0
377190.KS,디앤디플랫폼리츠,KOSPI,305422008320.0,,,,6.95,,3520.0,2730.0,81951.0,93925.0
013570.KS,디와이,KOSPI,105460793344.0,,,,2.81,0.911,4845.0,3330.0,45704.0,44683.0
024900.KS,디와이덕양,KOSPI,68422193152.0,,,,2.37,0.938,3200.0,2035.0,61226.0,154213.0
210540.KS,디와이파워,KOSPI,141589970944.0,,,,2.73,0.929,14180.0,10520.0,49587.0,36437.0
032350.KS,롯데관광개발,KOSPI,1745891753984.0,,,,,0.821,22600.0,7060.0,1936074.0,1271273.0
089860.KS,롯데렌탈,KOSPI,1187979853824.0,,,,3.64,,35950.0,26050.0,32807.0,36604.0
330590.KS,롯데리츠,KOSPI,1147206500352.0,,,,5.89,,4070.0,2880.0,294852.0,381848.0
000400.KS,롯데손해보험,KOSPI,537851428864.0,,,,,0.35,2255.0,1500.0,120284.0,1445988.0
023530.KS,롯데쇼핑,KOSPI,2100508491776.0,,,,6.73,0.197,83900.0,51800.0,96019.0,65621.0
020150.KS,롯데에너지머티리얼즈,KOSPI,2157457178624.0,,,,,,43450.0,19460.0,1791114.0,331150.0
280360.KS,롯데웰푸드,KOSPI,1080402837504.0,,,,2.7,-0.047,130300.0,99500.0,22210.0,18572.0
286940.KS,롯데이노베이트,KOSPI,288970899456.0,,,,3.66,0.069,28450.0,16080.0,14654.0,19270.0
004000.KS,롯데정밀화학,KOSPI,1149970546688.0,,,,3.1,,50300.0,30250.0,39499.0,69609.0
004990.KS,롯데지주,KOSPI,2167406723072.0,,,,3.96,0.438,36100.0,19780.0,231428.0,300484.0
00499K.KS,롯데지주우,KOSPI,2256665051136.0,,,,4.05,0.438,44150.0,24000.0,1572.0,1506.0
005300.KS,롯데칠성,KOSPI,1252752621568.0,,,,2.73,0.178,143100.0,99500.0,33413.0,19835.0
005305.KS,롯데칠성우,KOSPI,1197816545280.0,,,,4.9,0.178,80100.0,60000.0,1192.0,1833.0
011170.KS,롯데케미칼,KOSPI,3289037668352.0,,,,1.92,1.081,89200.0,51800.0,60861.0,169763.0
071840.KS,롯데하이마트,KOSPI,176525475840.0,,,,3.93,0.58,9570.0,6660.0,17141.0,28377.0
027740.KS,마니커,KOSPI,48959438848.0,,,,,,1329.0,735.0,97225.0,154126.0
357430.KS,마스턴프리미어리츠,KOSPI,47679795200.0,,,,12.28,,1820.0,1392.0,22992.0,42157.0
001080.KS,만호제강,KOSPI,152718688256.0,,,,,0.321,54800.0,21450.0,48931.0,27726.0
088980.KS,맥쿼리인프라,KOSPI,4020986970112.0,,,,,,12070.0,10270.0,1433470.0,1151367.0
094800.KS,맵스리얼티,KOSPI,391154237440.0,,,,,,5410.0,0.0,,
138040.KS,메리츠금융지주,KOSPI,18961624203264.0,,,,1.23,,131000.0,96700.0,202883.0,244350.0
090370.KS,메타랩스,KOSPI,39942209536.0,,,,,-0.716,2615.0,1164.0,502008.0,999859.0
118000.KS,메타케어,KOSPI,52563214336.0,,,,,0.508,413.0,266.0,667538.0,2469455.0
017180.KS,명문제약,KOSPI,58967576576.0,,,,,0.562,2255.0,1412.0,75720.0,92515.0
009900.KS,명신산업,KOSPI,431829188608.0,,,,1.82,0.751,12290.0,7110.0,55206.0,137148.0
317450.KS,명인제약,KOSPI,1035140005888.0,,,,,,134500.0,66850.0,115656.0,646684.0
012690.KS,모나리자,KOSPI,81164918784,,,,,0.28,3470.0,2110.0,35530.0,67523.0
005360.KS,모나미,KOSPI,37889101824,,,,1.5,0.24,3190.0,1842.0,934446.0,1100243.0
070960.KS,모나용평,KOSPI,160362201088,,,,,0.859,5700.0,2855.0,175516.0,137263.0
009680.KS,모토닉,KOSPI,226657501184,,,,5.73,0.545,11740.0,8260.0,32269.0,43080.0
009580.KS,무림P&P,KOSPI,155597619200,,,,4.01,0.507,3425.0,2340.0,24807.0,60454.0
009200.KS,무림페이퍼,KOSPI,83177013248,,,,5.0,,2565.0,1906.0,54848.0,122589.0
033920.KS,무학,KOSPI,217722060800,,,,7.91,,9270.0,5850.0,39984.0,72698.0
008420.KS,문배철강,KOSPI,37135769600,,,,2.5,0.544,3090.0,1989.0,66734.0,454642.0
025560.KS,미래산업,KOSPI,853272231936,,,,,1.46,19840.0,9900.0,41004.0,54749.0
007120.KS,미래아이앤지,KOSPI,22896769024,,,,,1.178,1357.0,765.0,32031.0,76054.0
396690.KS,미래에셋글로벌리츠,KOSPI,104163622912,,,,10.8,,2845.0,2495.0,87183.0,68408.0
357250.KS,미래에셋맵스리츠,KOSPI,68986486784,,,,9.93,,2855.0,2290.0,27607.0,40466.0
085620.KS,미래에셋생명,KOSPI,1166491254784,,,,,0.23,10100.0,4250.0,99336.0,167872.0
006800.KS,미래에셋증권,KOSPI,12383363792896,,,,1.18,,27800.0,7920.0,2950259.0,3807619.0
00680K.KS,미래에셋증권2우B,KOSPI,11749642207232,,,,2.55,,11380.0,3820.0,584371.0,708503.0
006805.KS,미래에셋증권우,KOSPI,11411369492480,,,,2.68,,12200.0,4090.0,83505.0,107316.0
081660.KS,미스토홀딩스,KOSPI,2348606816256,,,,4.32,,43250.0,32700.0,144903.0,108235.0
002840.KS,미원상사,KOSPI,673618132992,,,,1.37,,202500.0,137100.0,3672.0,3362.0
268280.KS,미원에스씨,KOSPI,667218542592,,,,2.04,,170000.0,131200.0,1652.0,861.0
107590.KS,미원홀딩스,KOSPI,155829780480,,,,1.04,-0.029,80000.0,66000.0,180.0,509.0
134380.KS,미원화학,KOSPI,172198461440,,,,4.67,0.233,90000.0,74200.0,129.0,1180.0
003650.KS,미창석유,KOSPI,164763418624,,,,2.75,0.083,121000.0,86200.0,811.0,883.0
377740.KS,바이오노트,KOSPI,556473253888,,,,3.64,,6320.0,4150.0,68088.0,70596.0
003610.KS,방림,KOSPI,176707043328,,,,1.18,0.113,5640.0,3345.0,424574.0,112248.0
035150.KS,백산,KOSPI,279116152832,,,,2.63,0.685,15950.0,12400.0,20942.0,41174.0
002410.KS,범양건영,KOSPI,53169524736,,,,,0.67,4195.0,1933.0,0.0,0.0
007210.KS,벽산,KOSPI,96344825856,,,,2.15,,2545.0,1597.0,68951.0,201043.0
002760.KS,보락,KOSPI,60738600960,,,,0.49,0.42,1218.0,970.0,67745.0,161429.0
003850.KS,보령,KOSPI,702877663232,,,,1.2,0.612,11100.0,7680.0,207813.0,148700.0
000890.KS,보해양조,KOSPI,59802501120,,,,,0.354,581.0,410.0,117787.0,321178.0
003000.KS,부광약품,KOSPI,371472498688,,,,1.33,0.769,5700.0,3200.0,305466.0,545109.0
001270.KS,부국증권,KOSPI,566216949760,,,,2.36,0.589,84600.0,24550.0,20908.0,133947.0
001275.KS,부국증권우,KOSPI,277076672512,,,,5.24,0.589,32950.0,20250.0,2629.0,5351.0
026940.KS,부국철강,KOSPI,40399998976,,,,3.71,,2930.0,1991.0,40673.0,118863.0
011390.KS,부산산업,KOSPI,76348801024,,,,0.35,1.024,124700.0,52700.0,1464.0,5522.0
005030.KS,부산주공,KOSPI,0,,,,,,486.0,486.0,,
006740.KS,블루산업개발,KOSPI,47268687872,,,,,1.728,1320.0,867.0,68872.0,191448.0
002070.KS,비비안,KOSPI,29513037824,,,,,,1445.0,632.0,101741.0,207579.0
100220.KS,비상교육,KOSPI,66035666944,,,,,0.809,7920.0,3920.0,18745.0,40251.0
090460.KS,비에이치,KOSPI,487809122304,,,,1.58,0.367,19790.0,11030.0,280756.0,739528.0
005180.KS,빙그레,KOSPI,658714198016,,,,4.43,0.154,218633.55,68600.0,18520.0,41256.0
003960.KS,사조대림,KOSPI,330562011136,,,,0.79,0.869,49200.0,34150.0,21679.0,18735.0
008040.KS,사조동아원,KOSPI,156732162048,,,,1.8,0.383,1536.0,884.0,569032.0,3702253.0
007160.KS,사조산업,KOSPI,268999999488,,,,,,72900.0,31850.0,52022.0,10242.0
014710.KS,사조씨푸드,KOSPI,144980148224,,,,,1.05,10800.0,4025.0,765964.0,84454.0
006090.KS,사조오양,KOSPI,87348764672,,,,1.62,0.537,11200.0,7610.0,17574.0,12805.0
062040.KS,산일전기,KOSPI,4019862372352,,,,0.32,,178900.0,43350.0,298100.0,699331.0
001470.KS,삼부토건,KOSPI,79699591168,,,,,,1365.0,344.0,0.0,0.0
028050.KS,삼성E&A,KOSPI,4948999798784,,,,2.61,0.873,30650.0,16300.0,498726.0,775648.0
448730.KS,삼성FN리츠,KOSPI,416553762816,,,,6.03,,4705.0,4195.0,114108.0,84245.0
006400.KS,삼성SDI,KOSPI,22703113240576,,,,0.34,,354500.0,157700.0,345160.0,699466.0
006405.KS,삼성SDI우,KOSPI,24300989972480,,,,0.59,,201500.0,96600.0,9640.0,12422.0
006660.KS,삼성공조,KOSPI,113037811712,,,,0.56,,21350.0,8110.0,73312.0,193876.0
028260.KS,삼성물산,KOSPI,35345500471296,,,,1.2,0.681,234000.0,108100.0,408920.0,350626.0
02826K.KS,삼성물산우B,KOSPI,35277024264192,,,,1.92,0.681,149000.0,81300.0,7942.0,8575.0
207940.KS,삼성바이오로직스,KOSPI,56521253715968,,,,,0.252,1944983.0,1221000.0,0.0,38899.0
032830.KS,삼성생명,KOSPI,26289748574208,,,,3.07,0.596,170400.0,73300.0,135170.0,317879.0
018260.KS,삼성에스디에스,KOSPI,13072180707328,,,,1.72,,198800.0,109000.0,148050.0,217599.0
009150.KS,삼성전기,KOSPI,16431526707200,,,,0.83,1.209,250500.0,105600.0,689878.0,550537.0
009155.KS,삼성전기우,KOSPI,16380771434496,,,,1.91,1.209,108800.0,49200.0,31395.0,30603.0
005930.KS,삼성전자,KOSPI,633840670343168,,,,1.56,0.927,112400.0,50800.0,23103574.0,22141702.0
005935.KS,삼성전자우,KOSPI,606512598745088,,,,2.05,0.927,87500.0,41700.0,2517574.0,2895666.0
001360.KS,삼성제약,KOSPI,130921332736,,,,,1.293,1990.0,1370.0,228169.0,371370.0
010140.KS,삼성중공업,KOSPI,21652712718336,,,,,0.923,32500.0,9950.0,2758376.0,6283363.0
016360.KS,삼성증권,KOSPI,6885030232064,,,,4.54,,84400.0,41550.0,304402.0,362762.0
068290.KS,삼성출판사,KOSPI,119299997696,,,,1.68,0.736,24000.0,11800.0,81247.0,38624.0
029780.KS,삼성카드,KOSPI,5719693197312,,,,5.22,0.224,59700.0,38100.0,72781.0,63969.0
000810.KS,삼성화재,KOSPI,19979472732160,,,,4.04,0.177,528000.0,327000.0,75340.0,93676.0
000815.KS,삼성화재우,KOSPI,19835140440064,,,,5.37,0.177,389500.0,255500.0,8460.0,11267.0
006110.KS,삼아알미늄,KOSPI,329546924032,,,,0.11,0.814,48250.0,17550.0,32918.0,77735.0
145990.KS,삼양사,KOSPI,521893838848,,,,3.37,,59600.0,41450.0,12899.0,15028.0
145995.KS,삼양사우,KOSPI,502200008704,,,,4.9,,39900.0,27800.0,149.0,772.0
003230.KS,삼양식품,KOSPI,10292216987648,,,,0.32,,1665000.0,500000.0,54428.0,50409.0
002170.KS,삼양통상,KOSPI,141504004096,,,,2.8,,60700.0,44900.0,1627.0,1212.0
272550.KS,삼양패키징,KOSPI,211107463168,,,,3.63,,17170.0,12500.0,11097.0,57209.0
000070.KS,삼양홀딩스,KOSPI,731774255104,,,,3.35,0.813,118483.51,59297.066,0.0,12897.0
003720.KS,삼영,KOSPI,199848345600,,,,0.33,0.985,6890.0,3050.0,2126095.0,1155318.0
002810.KS,삼영무역,KOSPI,269357432832,,,,4.58,,18470.0,12300.0,6170.0,16643.0
005680.KS,삼영전자,KOSPI,194212724736,,,,2.94,,11970.0,9520.0,17584.0,28649.0
023000.KS,삼원강재,KOSPI,93984997376,,,,4.65,,2625.0,2200.0,15252.0,27889.0
004380.KS,삼익THK,KOSPI,206171996160,,,,1.0,0.933,15500.0,7220.0,0.0,0.0
002450.KS,삼익악기,KOSPI,91693277184,,,,4.15,0.694,1612.0,1030.0,92561.0,135105.0
004440.KS,삼일씨엔에스,KOSPI,54747373568,,,,,0.511,5980.0,3135.0,11448.0,15604.0
000520.KS,삼일제약,KOSPI,218453114880,,,,,,15400.0,9120.0,309089.0,260428.0
009770.KS,삼정펄프,KOSPI,74374135808,,,,3.36,0.523,33500.0,24700.0,4659.0,5064.0
005500.KS,삼진제약,KOSPI,245155495936,,,,4.0,0.222,21300.0,16590.0,47037.0,46689.0
004690.KS,삼천리,KOSPI,436220788736,,,,2.35,0.451,176800.0,84500.0,14828.0,10691.0
010960.KS,삼호개발,KOSPI,77757603840,,,,4.14,0.415,5130.0,2915.0,243408.0,58284.0
004450.KS,삼화왕관,KOSPI,53762682880,,,,4.01,0.47,42950.0,28800.0,2925.0,2793.0
009470.KS,삼화전기,KOSPI,186509721600,,,,1.77,,45700.0,23600.0,38210.0,138320.0
011230.KS,삼화전자,KOSPI,53946638336,,,,,,6400.0,2700.0,60499.0,376877.0
001820.KS,삼화콘덴서,KOSPI,290386313216,,,,1.77,,36700.0,21500.0,61061.0,185322.0
000390.KS,삼화페인트,KOSPI,140948226048,,,,6.16,1.465,7370.0,5260.0,11988.0,40459.0
001290.KS,상상인증권,KOSPI,70984245248,,,,,0.505,950.0,397.0,167750.0,2173948.0
041650.KS,상신브레이크,KOSPI,50820812800,,,,3.81,1.047,3660.0,2550.0,8793.0,62820.0
075180.KS,새론오토모티브,KOSPI,59039997952,,,,4.55,0.598,3750.0,3015.0,11389.0,7147.0
007540.KS,샘표,KOSPI,101579587584,,,,0.4,-0.186,63300.0,35600.0,8048.0,50500.0
248170.KS,샘표식품,KOSPI,136997879808,,,,0.67,0.544,34750.0,22300.0,28698.0,51243.0
007860.KS,서연,KOSPI,199272890368,,,,2.18,,12470.0,5780.0,38485.0,45746.0
200880.KS,서연이화,KOSPI,316706652160,,,,2.13,1.585,14850.0,10290.0,55137.0,116626.0
017390.KS,서울가스,KOSPI,256811319296.0,,,,3.83,0.408,71800.0,47500.0,8843.0,8994.0
031210.KS,서울보증보험,KOSPI,3445695971328.0,,,,5.81,,57000.0,26550.0,36877.0,78152.0
004410.KS,서울식품,KOSPI,60360056832.0,,,,,0.629,188.0,136.0,1682377.0,5021638.0
004415.KS,서울식품우,KOSPI,471451893760.0,,,,,0.629,1685.0,1082.0,1099.0,19036.0
021050.KS,서원,KOSPI,48898830336.0,,,,,0.457,1533.0,990.0,110842.0,139431.0
008490.KS,서흥,KOSPI,244064534528.0,,,,0.91,0.326,32600.0,11920.0,55282.0,111717.0
007610.KS,선도전기,KOSPI,0.0,,,,,,3000.0,2975.0,,
136490.KS,선진,KOSPI,225426898944.0,,,,1.05,1.015,15150.0,5090.0,59375.0,113747.0
014910.KS,성문전자,KOSPI,22339690496.0,,,,,0.793,1353.0,966.0,19880.0,86234.0
014915.KS,성문전자우,KOSPI,89914048512.0,,,,,0.793,5440.0,3305.0,898.0,6949.0
004980.KS,성신양회,KOSPI,239231418368.0,,,,3.67,,15470.0,6830.0,24180.0,74158.0
004985.KS,성신양회우,KOSPI,270376075264.0,,,,3.68,,24800.0,10000.0,1634.0,2847.0
011300.KS,성안머티리얼스,KOSPI,57573777408.0,,,,,0.573,766.4,330.4,491338.0,2620354.0
000180.KS,성창기업지주,KOSPI,101139816448.0,,,,,,1866.0,1121.0,196328.0,71058.0
002420.KS,세기상사,KOSPI,29431842816.0,,,,,0.298,6480.0,4735.0,8133.0,5078.0
004360.KS,세방,KOSPI,287572131840.0,,,,2.26,1.657,16700.0,10400.0,26685.0,47087.0
004365.KS,세방우,KOSPI,262213156864.0,,,,3.43,1.657,11500.0,7020.0,786.0,6940.0
004490.KS,세방전지,KOSPI,775776174080.0,,,,1.87,,88000.0,57300.0,238218.0,54131.0
001430.KS,세아베스틸지주,KOSPI,950346186752.0,,,,4.53,0.928,35150.0,14750.0,49870.0,112122.0
306200.KS,세아제강,KOSPI,325651628032.0,,,,6.02,,217500.0,111000.0,6054.0,7132.0
003030.KS,세아제강지주,KOSPI,549098651648.0,,,,1.32,,292500.0,133900.0,7630.0,10946.0
019440.KS,세아특수강,KOSPI,130179956736.0,,,,6.41,,18630.0,12660.0,8221.0,18061.0
058650.KS,세아홀딩스,KOSPI,451890642944.0,,,,3.45,,161500.0,88600.0,259.0,1248.0
013000.KS,세우글로벌,KOSPI,33668595712.0,,,,2.56,1.004,1900.0,1026.0,44352.0,92628.0
021820.KS,세원정공,KOSPI,122999996416.0,,,,1.63,,13500.0,6590.0,16047.0,17618.0
067830.KS,세이브존I&C,KOSPI,87799758848.0,,,,1.29,0.361,3005.0,1822.0,87185.0,27521.0
075580.KS,세진중공업,KOSPI,1037502578688.0,,,,1.1,1.006,27400.0,6410.0,406304.0,2643593.0
068270.KS,셀트리온,KOSPI,42146019147776.0,,,,0.37,,203500.0,144615.39,636980.0,652338.0
336370.KS,솔루스첨단소재,KOSPI,799896043520.0,,,,0.11,1.418,11890.0,6750.0,476906.0,455050.0
33637K.KS,솔루스첨단소재1우,KOSPI,710133153792.0,,,,0.54,1.418,2905.0,1580.0,118390.0,173021.0
33637L.KS,솔루스첨단소재2우B,KOSPI,,,,,0.27,1.418,6720.0,3440.0,39816.0,51972.0
248070.KS,솔루엠,KOSPI,846347370496.0,,,,,0.384,21750.0,13870.0,133893.0,353736.0
004430.KS,송원산업,KOSPI,218880000000.0,,,,3.29,0.383,13310.0,9070.0,29500.0,31365.0
017550.KS,수산세보틱스,KOSPI,107264098304.0,,,,0.58,,2260.0,1585.0,95453.0,93506.0
126720.KS,수산인더스트리,KOSPI,289928019968.0,,,,3.88,0.532,30350.0,17170.0,12416.0,31106.0
053210.KS,스카이라이프,KOSPI,254451662848.0,,,,6.51,0.242,5440.0,4245.0,55334.0,41403.0
204210.KS,스타에스엠리츠,KOSPI,15927568384.0,,,,,,3375.0,1965.0,0.0,0.0
026890.KS,스틱인베스트먼트,KOSPI,362878173184.0,,,,2.48,0.707,12380.0,6950.0,44192.0,96017.0
134790.KS,시디즈,KOSPI,36685234176.0,,,,2.29,,40000.0,21600.0,2578.0,3255.0
462870.KS,시프트업,KOSPI,2125827670016.0,,,,,,70200.0,34800.0,39745.0,88005.0
016590.KS,신대양제지,KOSPI,408016814080.0,,,,1.45,,15800.0,5330.0,28505.0,73286.0
029530.KS,신도리코,KOSPI,393629859840.0,,,,3.29,0.428,55000.0,35700.0,10273.0,11294.0
004970.KS,신라교역,KOSPI,145064148992.0,,,,5.44,,10840.0,8200.0,8840.0,11447.0
011930.KS,신성이엔지,KOSPI,306773950464.0,,,,,1.235,2080.0,1030.0,1336792.0,4505119.0
004170.KS,신세계,KOSPI,1999031238656.0,,,,1.97,0.617,235500.0,125000.0,23750.0,46093.0
035510.KS,신세계 I&C,KOSPI,222427103232.0,,,,2.54,,25450.0,8070.0,226176.0,197449.0
031430.KS,신세계인터내셔날,KOSPI,355986112512.0,,,,3.89,,14000.0,8840.0,52523.0,71531.0
031440.KS,신세계푸드,KOSPI,162248998912.0,,,,2.15,0.776,44900.0,28400.0,8376.0,18164.0
006880.KS,신송홀딩스,KOSPI,72183103488.0,,,,1.79,-0.444,9000.0,5980.0,40813.0,165904.0
005800.KS,신영와코루,KOSPI,130500001792.0,,,,1.03,0.257,17910.0,8500.0,4058.0,13792.0
001720.KS,신영증권,KOSPI,1087884558336.0,,,,3.54,0.406,178600.0,70000.0,14439.0,40748.0
009270.KS,신원,KOSPI,121888972800.0,,,,4.92,0.269,2170.0,1160.0,611318.0,1803507.0
002700.KS,신일전자,KOSPI,91088207872.0,,,,0.76,0.181,1773.0,1242.0,415370.0,299020.0
002870.KS,신풍,KOSPI,30144540672.0,,,,,0.591,1676.0,903.0,78380.0,144346.0
019170.KS,신풍제약,KOSPI,708957044736.0,,,,,1.319,20500.0,6400.0,365132.0,507088.0
019175.KS,신풍제약우,KOSPI,1281556480000.0,,,,,1.319,55000.0,9650.0,4697.0,7002.0
481850.KS,신한글로벌액티브리츠,KOSPI,56825307136.0,,,,19.36,,2190.0,1275.0,621092.0,101748.0
404990.KS,신한서부티엔디리츠,KOSPI,200881618944.0,,,,7.24,,3885.0,2970.0,76112.0,87757.0
293940.KS,신한알파리츠,KOSPI,674845884416.0,,,,6.24,,6210.0,5200.0,140216.0,205434.0
055550.KS,신한지주,KOSPI,37082810548224.0,,,,2.92,0.605,83900.0,42500.0,913178.0,1301209.0
004080.KS,신흥,KOSPI,127365808128.0,,,,2.3,,15900.0,13310.0,3159.0,3501.0
102280.KS,쌍방울,KOSPI,10772667392.0,,,,,,13450.0,401.0,5272807.0,413676.0
004770.KS,써니전자,KOSPI,54606204928.0,,,,1.97,0.973,3780.0,1475.0,177680.0,193669.0
403550.KS,쏘카,KOSPI,375711367168.0,,,,,0.315,18400.0,11160.0,6444.0,7327.0
004920.KS,씨아이테크,KOSPI,55773290496.0,,,,,0.787,1900.0,999.0,54862.0,158914.0
112610.KS,씨에스윈드,KOSPI,1661691101184.0,,,,2.49,,53000.0,30050.0,148592.0,198384.0
480370.KS,씨케이솔루션,KOSPI,,,,,,,28000.0,7870.0,7912.0,33448.0
308170.KS,씨티알모빌리티,KOSPI,42059849728.0,,,,,1.206,7800.0,4590.0,4561.0,7270.0
008700.KS,아남전자,KOSPI,95167717376.0,,,,,0.59,2140.0,1016.0,132121.0,221060.0
090430.KS,아모레퍼시픽,KOSPI,9271702978560.0,,,,0.84,,148300.0,99500.0,376946.0,247838.0
090435.KS,아모레퍼시픽우,KOSPI,8830972854272.0,,,,2.29,,49850.0,31400.0,50812.0,21895.0
002790.KS,아모레퍼시픽홀딩스,KOSPI,2732772294656.0,,,,1.08,,34300.0,18810.0,204866.0,145336.0
00279K.KS,아모레퍼시픽홀딩스3우C,KOSPI,,,,,2.84,,25700.0,16310.0,32450.0,8047.0
002795.KS,아모레퍼시픽홀딩스우,KOSPI,2557904158720.0,,,,2.58,,13960.0,8270.0,23843.0,17733.0
002030.KS,아세아,KOSPI,645294260224.0,,,,1.52,0.607,398500.0,225000.0,1639.0,1712.0
183190.KS,아세아시멘트,KOSPI,423545438208.0,,,,2.66,,15700.0,9370.0,48806.0,84899.0
002310.KS,아세아제지,KOSPI,275823984640.0,,,,3.82,0.72,9120.0,6450.0,108244.0,117750.0
012170.KS,아센디오,KOSPI,19191678976.0,,,,,0.438,5190.0,1462.0,66794.0,733900.0
267850.KS,아시아나IDT,KOSPI,123098996736.0,,,,4.51,1.28,21800.0,10000.0,7455.0,5555.0
020560.KS,아시아나항공,KOSPI,1713156784128.0,,,,,0.774,11540.0,8270.0,64022.0,86774.0
122900.KS,아이마켓코리아,KOSPI,248568283136.0,,,,5.06,0.127,8620.0,7520.0,21054.0,35496.0
010780.KS,아이에스동서,KOSPI,535044030464.0,,,,5.56,0.942,24900.0,15740.0,22521.0,26844.0
031820.KS,아이티센씨티에스,KOSPI,69362491392.0,,,,,0.636,788.0,450.0,224036.0,365366.0
139990.KS,아주스틸,KOSPI,124996050944.0,,,,,,4630.0,2955.0,26569.0,52396.0
009320.KS,아진전자부품,KOSPI,47081279488.0,,,,,0.7,1246.0,883.0,35413.0,66229.0
001780.KS,알루코,KOSPI,187850440704.0,,,,,1.004,2705.0,1755.0,153459.0,327343.0
018250.KS,애경산업,KOSPI,346649886720.0,,,,4.22,1.104,19230.0,11700.0,33751.0,57274.0
161000.KS,애경케미칼,KOSPI,478908088320.0,,,,2.83,0.792,13950.0,5960.0,291672.0,661385.0
011090.KS,에넥스,KOSPI,29414070272.0,,,,,1.044,1099.0,421.0,49513.0,186524.0
137310.KS,에스디바이오센서,KOSPI,1078965305344.0,,,,2.22,0.849,13550.0,8380.0,95261.0,113381.0
005850.KS,에스엘,KOSPI,1662602313728.0,,,,3.32,,41450.0,26850.0,137389.0,144890.0
010580.KS,에스엠벡셀,KOSPI,222212538368.0,,,,,2.017,3495.0,805.0,255269.0,3794948.0
012750.KS,에스원,KOSPI,2518862790656.0,,,,3.62,,87000.0,56200.0,28385.0,49072.0
023960.KS,에쓰씨엔지니어링,KOSPI,40468922368.0,,,,,,1623.0,1085.0,136109.0,169426.0
298690.KS,에어부산,KOSPI,214161096704.0,,,,,1.0,2800.0,1633.0,1976356.0,423957.0
140910.KS,에이리츠,KOSPI,0.0,,,,,,3130.0,0.0,,
078520.KS,에이블씨엔씨,KOSPI,253810540544.0,,,,3.09,0.241,15490.0,5730.0,1047683.0,519925.0
015260.KS,에이엔피,KOSPI,19669327872.0,,,,,0.275,740.0,398.0,91477.0,627866.0
007460.KS,에이프로젠,KOSPI,193560150016.0,,,,,0.325,1229.0,556.0,3804562.0,4765662.0
003060.KS,에이프로젠바이오로직스,KOSPI,110245625856.0,,,,,0.037,887.0,520.0,299174.0,570927.0
244920.KS,에이플러스에셋,KOSPI,181087617024.0,,,,2.5,0.09,9190.0,3870.0,443200.0,273210.0
278470.KS,에이피알,KOSPI,8908496175104.0,,,,3.02,,279500.0,41550.0,430563.0,544261.0
450080.KS,에코프로머티,KOSPI,3902229184512.0,,,,,,102800.0,40600.0,257306.0,551039.0
019490.KS,엑시큐어하이트론,KOSPI,41342119936.0,,,,,1.731,3760.0,530.0,629091.0,910391.0
036570.KS,엔씨소프트,KOSPI,3709954424832.0,,,,0.76,,248000.0,134600.0,524059.0,131825.0
085310.KS,엔케이,KOSPI,88261328896.0,,,,0.79,0.797,1761.0,610.0,3489894.0,12115211.0
900140.KS,엘브이엠씨홀딩스,KOSPI,306390433792.0,,,,,1.023,2120.0,1520.0,224316.0,537840.0
066970.KS,엘앤에프,KOSPI,4356739694592.0,,,,,1.279,149000.0,47000.0,333903.0,743627.0
097520.KS,엠씨넥스,KOSPI,455881261056.0,,,,3.16,0.875,32500.0,18600.0,35351.0,52557.0
484870.KS,엠앤씨솔루션,KOSPI,1248592003072.0,,,,1.09,,230000.0,41600.0,40230.0,27833.0
014440.KS,영보화학,KOSPI,88530001920.0,,,,7.71,0.638,6180.0,3280.0,85924.0,42547.0
111770.KS,영원무역,KOSPI,3749545771008.0,,,,2.38,0.329,88900.0,38200.0,140352.0,60444.0
009970.KS,영원무역홀딩스,KOSPI,2003005341696.0,,,,3.1,0.406,182000.0,79500.0,18436.0,18190.0
003520.KS,영진약품,KOSPI,358469206016.0,,,,,0.861,2495.0,1823.0,310013.0,324137.0
000670.KS,영풍,KOSPI,1025993408512.0,,,,0.01,,61200.0,33900.0,33629.0,40620.0
012280.KS,영화금속,KOSPI,44621578240.0,,,,3.33,0.72,978.0,766.0,99800.0,113799.0
012160.KS,영흥,KOSPI,36607455232.0,,,,,0.527,734.0,359.0,77947.0,636901.0
007310.KS,오뚜기,KOSPI,1344776830976.0,,,,2.3,,470000.0,376500.0,6514.0,7631.0
002630.KS,오리엔트바이오,KOSPI,67702403072.0,,,,,0.219,2560.0,439.0,1405804.0,2344578.0
271560.KS,오리온,KOSPI,4142617067520.0,,,,2.39,0.229,127300.0,97000.0,189527.0,124314.0
001800.KS,오리온홀딩스,KOSPI,1192304836608.0,,,,4.04,0.115,26350.0,14650.0,73151.0,113504.0
005320.KS,온타이드,KOSPI,30747533312.0,,,,,,861.0,362.0,111454.0,306639.0
011690.KS,와이투솔루션,KOSPI,106049404928.0,,,,,0.841,4120.0,1790.0,551334.0,839286.0
316140.KS,우리금융지주,KOSPI,19047882162176.0,,,,4.86,0.59,27650.0,15010.0,1305510.0,1814396.0
006980.KS,우성,KOSPI,42274471936.0,,,,1.82,0.464,18600.0,14130.0,1428.0,2151.0
017370.KS,우신시스템,KOSPI,91818754048.0,,,,0.83,,9200.0,5230.0,11846.0,37227.0
105840.KS,우진,KOSPI,277259288576.0,,,,2.13,1.01,19450.0,5630.0,533714.0,1960326.0
010400.KS,우진아이엔에스,KOSPI,27128817664.0,,,,,0.777,4175.0,2395.0,54915.0,31447.0
049800.KS,우진플라임,KOSPI,39500001280.0,,,,2.53,0.78,2480.0,1845.0,8697.0,21142.0
016880.KS,웅진,KOSPI,232757772288.0,,,,,,5200.0,780.0,974330.0,1212188.0
095720.KS,웅진씽크빅,KOSPI,155728019456.0,,,,6.51,0.495,2430.0,1361.0,51955.0,155727.0
005820.KS,원림,KOSPI,29474373632.0,,,,2.79,,16600.0,12260.0,3054.0,1041.0
010600.KS,웰바이오텍,KOSPI,49552924672.0,,,,,,545.0,545.0,,
008600.KS,윌비스,KOSPI,20726808576.0,,,,,,1121.0,281.0,201081.0,331936.0
033270.KS,유나이티드제약,KOSPI,285987078144.0,,,,2.31,0.616,22450.0,17250.0,44595.0,41187.0
014830.KS,유니드,KOSPI,429538705408.0,,,,2.78,-0.036,98200.0,58700.0,17830.0,23976.0
446070.KS,유니드비티플러스,KOSPI,,,,,,,5790.0,3305.0,30769.0,20455.0
000910.KS,유니온,KOSPI,67754426368.0,,,,2.88,,7500.0,4100.0,210306.0,643990.0
047400.KS,유니온머티리얼,KOSPI,64974000128.0,,,,,,2785.0,1270.0,3632802.0,2895312.0
011330.KS,유니켐,KOSPI,121588711424.0,,,,,0.164,1891.0,1199.0,640721.0,345891.0
077500.KS,유니퀘스트,KOSPI,127440601088.0,,,,1.69,1.118,8770.0,4010.0,117075.0,426332.0
002920.KS,유성기업,KOSPI,51038523392.0,,,,2.01,0.481,2485.0,1746.0,41752.0,31803.0
000700.KS,유수홀딩스,KOSPI,144792469504.0,,,,6.29,0.016,6550.0,5030.0,22029.0,12215.0
003470.KS,유안타증권,KOSPI,760769937408.0,,,,5.41,0.974,4605.0,2465.0,341962.0,460531.0
003475.KS,유안타증권우,KOSPI,773675417600.0,,,,6.64,0.974,4320.0,2710.0,20107.0,55382.0
072130.KS,유엔젤,KOSPI,61622841344.0,,,,1.4,,7140.0,4370.0,68610.0,122079.0
000220.KS,유유제약,KOSPI,66834440192.0,,,,2.42,,5100.0,3905.0,26350.0,36692.0
000225.KS,유유제약1우,KOSPI,46167355392.0,,,,2.48,,6070.0,4045.0,3353.0,8609.0
000227.KS,유유제약2우B,KOSPI,38857723904.0,,,,1.12,,12700.0,9030.0,237.0,763.0
001200.KS,유진투자증권,KOSPI,318222630912.0,,,,2.89,1.259,4240.0,2090.0,683828.0,1067233.0
000100.KS,유한양행,KOSPI,8745413246976.0,,,,0.43,0.654,140700.0,100400.0,286210.0,407676.0
000105.KS,유한양행우,KOSPI,8371362070528.0,,,,0.49,0.654,129400.0,91600.0,5179.0,5211.0
003460.KS,유화증권,KOSPI,167045496832.0,,,,5.81,0.319,3550.0,2120.0,50945.0,76002.0
003465.KS,유화증권우,KOSPI,166726467584.0,,,,6.34,0.319,2910.0,2120.0,1288.0,5678.0
008730.KS,율촌화학,KOSPI,734080008192.0,,,,0.84,,39200.0,19300.0,77571.0,127341.0
008250.KS,이건산업,KOSPI,46060761088.0,,,,2.22,,7470.0,4360.0,11915.0,102920.0
025820.KS,이구산업,KOSPI,154663649280.0,,,,1.08,,6150.0,3545.0,243198.0,432687.0
214320.KS,이노션,KOSPI,715200004096.0,,,,6.57,,21900.0,16290.0,111200.0,146115.0
088260.KS,이리츠코크렙,KOSPI,301822672896.0,,,,7.3,,4810.0,3980.0,35338.0,42454.0
139480.KS,이마트,KOSPI,2143006228480.0,,,,2.5,,101800.0,60300.0,122816.0,164397.0
457190.KS,이수스페셜티케미컬,KOSPI,1455009300480.0,,,,,,66800.0,29050.0,158550.0,336724.0
007660.KS,이수페타시스,KOSPI,8963265396736.0,,,,0.12,,136700.0,21000.0,1883646.0,1884752.0
005950.KS,이수화학,KOSPI,239574138880.0,,,,,,13980.0,4950.0,460244.0,1260672.0
015020.KS,이스타코,KOSPI,20823080960.0,,,,,0.45,2720.0,519.0,181489.0,182037.0
074610.KS,이엔플러스,KOSPI,37494484992.0,,,,,1.351,1297.0,511.0,0.0,0.0
102460.KS,이연제약,KOSPI,192763822080.0,,,,,0.709,14780.0,9830.0,18482.0,21613.0
084680.KS,이월드,KOSPI,189162504192.0,,,,,0.629,1779.0,1206.0,182479.0,202269.0
350520.KS,이지스레지던스리츠,KOSPI,146727469056.0,,,,7.54,,4315.0,3765.0,64070.0,49225.0
334890.KS,이지스밸류플러스리츠,KOSPI,227242049536.0,,,,7.9,,5470.0,3975.0,210493.0,206491.0
000760.KS,이화산업,KOSPI,34831998976.0,,,,,0.233,13370.0,9120.0,1100.0,1415.0
014990.KS,인디에프,KOSPI,65345691648.0,,,,,,1639.0,690.0,209725.0,821714.0
101140.KS,인바이오젠,KOSPI,128104628224.0,,,,,0.95,16570.0,4395.0,3572.0,21924.0
006490.KS,인스코비,KOSPI,88124801024.0,,,,,,2175.0,644.0,235156.0,750792.0
023800.KS,인지컨트롤스,KOSPI,89798688768.0,,,,2.53,,6780.0,5040.0,43962.0,46760.0
034590.KS,인천도시가스,KOSPI,107996372992.0,,,,4.77,0.123,26900.0,24000.0,8929.0,2562.0
129260.KS,인터지스,KOSPI,72510316544.0,,,,3.89,,4005.0,2100.0,56744.0,82133.0
023810.KS,인팩,KOSPI,60999999488.0,,,,2.95,1.544,7190.0,5260.0,10855.0,20250.0
249420.KS,일동제약,KOSPI,965723750400.0,,,,,1.083,34700.0,10300.0,1701385.0,3489812.0
000230.KS,일동홀딩스,KOSPI,157524656128.0,,,,,0.767,16370.0,5470.0,212346.0,680500.0
013360.KS,일성건설,KOSPI,66342551552.0,,,,,0.155,5500.0,1192.0,77319.0,313384.0
003120.KS,일성아이에스,KOSPI,154374995968.0,,,,4.42,,31450.0,14500.0,3428.0,16910.0
003200.KS,일신방직,KOSPI,260115562496.0,,,,1.63,0.298,12480.0,6880.0,29426.0,37750.0
007110.KS,일신석재,KOSPI,123112120320.0,,,,,0.339,3010.0,1449.0,294061.0,1798620.0
007570.KS,일양약품,KOSPI,233920774144.0,,,,1.15,0.54,15490.0,9540.0,0.0,4598.0
007575.KS,일양약품우,KOSPI,319633784832.0,,,,1.35,0.54,16500.0,9690.0,0.0,57.0
008500.KS,일정실업,KOSPI,22864289792.0,,,,,0.861,35650.0,9700.0,37949.0,108357.0
081000.KS,일진다이아,KOSPI,171797381120.0,,,,2.48,0.994,17190.0,9700.0,15527.0,180739.0
020760.KS,일진디스플,KOSPI,46408720384.0,,,,,,1286.0,692.0,0.0,50419.0
103590.KS,일진전기,KOSPI,2565037096960.0,,,,0.56,1.088,67900.0,19800.0,502821.0,1249457.0
271940.KS,일진하이솔루스,KOSPI,525451886592.0,,,,,1.288,21200.0,12010.0,34097.0,73286.0
015860.KS,일진홀딩스,KOSPI,352709050368.0,,,,1.96,1.099,8310.0,3280.0,264348.0,238285.0
226320.KS,잇츠한불,KOSPI,199068532736.0,,,,2.21,0.194,14880.0,9950.0,20004.0,20746.0
317400.KS,자이에스앤디,KOSPI,140444631040.0,,,,4.07,,4100.0,2985.0,68720.0,176016.0
033240.KS,자화전자,KOSPI,345270812672.0,,,,,,24300.0,9940.0,249067.0,137504.0
000950.KS,전방,KOSPI,41020919808.0,,,,2.78,,49600.0,16700.0,834.0,4034.0
079900.KS,전진건설로봇,KOSPI,698533216256.0,,,,4.09,,71900.0,22000.0,263531.0,48489.0
348950.KS,제이알글로벌리츠,KOSPI,585219833856.0,,,,7.76,,3110.0,2335.0,260463.0,502165.0
194370.KS,제이에스코퍼레이션,KOSPI,318269358080.0,,,,5.0,,14730.0,6500.0,172918.0,133952.0
025620.KS,제이준코스메틱,KOSPI,101857304576.0,,,,,-2.157,19780.0,3320.0,76425.0,253056.0
030000.KS,제일기획,KOSPI,2248387854336.0,,,,5.54,,22450.0,16780.0,258969.0,337380.0
271980.KS,제일약품,KOSPI,209829838848.0,,,,,,17800.0,10120.0,31817.0,73896.0
001560.KS,제일연마,KOSPI,62574051328.0,,,,3.42,-0.014,11290.0,8280.0,699.0,6505.0
002620.KS,제일파마홀딩스,KOSPI,120352817152.0,,,,0.64,,9920.0,6950.0,4823.0,13753.0
006220.KS,제주은행,KOSPI,461142392832.0,,,,0.82,,19350.0,6750.0,55884.0,504686.0
089590.KS,제주항공,KOSPI,450392522752.0,,,,,,9850.0,5200.0,92871.0,88972.0
004910.KS,조광페인트,KOSPI,51019272192.0,,,,4.01,0.656,6700.0,4880.0,30141.0,45121.0
004700.KS,조광피혁,KOSPI,246217555968.0,,,,,0.325,87600.0,48600.0,2204.0,5792.0
001550.KS,조비,KOSPI,57110106112.0,,,,,0.46,16500.0,9670.0,18190.0,23836.0
462520.KS,조선내화,KOSPI,163162570752.0,,,,7.26,,18800.0,12100.0,12040.0,63492.0
120030.KS,조선선재,KOSPI,90707787776.0,,,,0.52,,141800.0,88800.0,1222.0,15123.0
018470.KS,조일알미늄,KOSPI,158289657856.0,,,,,,1844.0,1230.0,1067820.0,464651.0
002600.KS,조흥,KOSPI,89759997952.0,,,,4.01,0.213,184400.0,146500.0,25.0,172.0
185750.KS,종근당,KOSPI,1118648139776.0,,,,1.3,,106800.0,70900.0,27293.0,40048.0
063160.KS,종근당바이오,KOSPI,115479437312.0,,,,0.48,1.219,27650.0,19710.0,7609.0,17891.0
001630.KS,종근당홀딩스,KOSPI,230172983296.0,,,,2.9,0.69,59300.0,40700.0,4951.0,7964.0
109070.KS,주성코퍼레이션,KOSPI,43453759488.0,,,,,-0.008,2337.532,714.0,57129.0,291709.0
044380.KS,주연테크,KOSPI,30693234688.0,,,,,0.819,594.0,271.0,520883.0,278372.0
013890.KS,지누스,KOSPI,266398613504.0,,,,0.74,,28600.0,12000.0,18958.0,70360.0
013870.KS,지엠비코리아,KOSPI,72474664960.0,,,,6.58,0.745,4265.0,3380.0,18058.0,16967.0
071320.KS,지역난방공사,KOSPI,1204189396992.0,,,,3.73,0.687,116500.0,39250.0,29388.0,27166.0
088790.KS,진도,KOSPI,24883040256.0,,,,1.5,0.428,2500.0,1553.0,32027.0,194269.0
003780.KS,진양산업,KOSPI,88660000768.0,,,,4.12,0.027,12100.0,5400.0,66965.0,136642.0
010640.KS,진양폴리,KOSPI,45199998976.0,,,,5.53,0.189,8500.0,3935.0,31640.0,87192.0
100250.KS,진양홀딩스,KOSPI,183336550400.0,,,,6.1,,3635.0,2855.0,42136.0,52584.0
051630.KS,진양화학,KOSPI,55862001664.0,,,,,,5940.0,1923.0,91388.0,225903.0
272450.KS,진에어,KOSPI,360735408128.0,,,,,,12190.0,6560.0,122776.0,84601.0
011000.KS,진원생명과학,KOSPI,172803538944.0,,,,,0.552,4270.0,1830.0,497671.0,589774.0
002780.KS,진흥기업,KOSPI,94827921408.0,,,,,0.508,927.0,621.0,208931.0,292841.0
002787.KS,진흥기업2우B,KOSPI,1197440630784.0,,,,,0.508,11900.0,7130.0,36.0,433.0
002785.KS,진흥기업우B,KOSPI,556949176320.0,,,,,0.508,4370.0,2840.0,282.0,755.0
009310.KS,참엔지니어링,KOSPI,23256406016.0,,,,,,1800.0,225.0,3276759.0,115176.0
000650.KS,천일고속,KOSPI,118445481984.0,,,,,0.026,83000.0,33900.0,8488.0,899.0
033250.KS,체시스,KOSPI,32928000000.0,,,,,,1682.0,964.0,171314.0,235162.0
035720.KS,카카오,KOSPI,25808926146560.0,,,,0.12,1.42,71600.0,35700.0,2528224.0,3326737.0
323410.KS,카카오뱅크,KOSPI,10124713263104.0,,,,1.69,,38750.0,19800.0,652306.0,815200.0
377300.KS,카카오페이,KOSPI,6648874663936.0,,,,,2.321,114000.0,23000.0,292590.0,700676.0
006380.KS,카프로,KOSPI,0.0,,,,,,3660.0,0.0,,
001620.KS,케이비아이동국실업,KOSPI,51751260160.0,,,,,0.648,580.0,440.0,39981.0,93026.0
029460.KS,케이씨,KOSPI,274040160256.0,,,,1.3,,30650.0,15520.0,66685.0,57381.0
281820.KS,케이씨텍,KOSPI,748702662656.0,,,,0.71,1.422,46150.0,22700.0,169607.0,141483.0
381970.KS,케이카,KOSPI,753085775872.0,,,,7.68,,17210.0,12000.0,65394.0,75545.0
145270.KS,케이탑리츠,KOSPI,45462016000.0,,,,7.09,0.765,1054.0,875.0,59720.0,60909.0
417310.KS,코람코더원리츠,KOSPI,277144010752.0,,,,5.17,,7410.0,3950.0,64956.0,166946.0
357120.KS,코람코라이프인프라리츠,KOSPI,449202651136.0,,,,8.93,,4625.0,3865.0,343753.0,145791.0
007815.KS,코리아써우,KOSPI,465964695552.0,,,,,,12760.0,4550.0,109094.0,96746.0
007810.KS,코리아써키트,KOSPI,771809738752.0,,,,,,33850.0,7740.0,395751.0,944417.0
00781K.KS,코리아써키트2우B,KOSPI,419781640192.0,,,,,,10680.0,4570.0,6282.0,5830.0
003690.KS,코리안리,KOSPI,1966904967168.0,,,,4.63,0.267,12130.0,7320.0,309700.0,325742.0
192820.KS,코스맥스,KOSPI,1975279812608.0,,,,1.32,0.86,287000.0,127300.0,236723.0,101143.0
044820.KS,코스맥스비티아이,KOSPI,139787288576.0,,,,3.08,0.744,24900.0,8300.0,33952.0,33007.0
005070.KS,코스모신소재,KOSPI,1478704365568.0,,,,,0.517,70900.0,29500.0,320046.0,847099.0
005420.KS,코스모화학,KOSPI,615364362240.0,,,,,,21900.0,12700.0,146452.0,259472.0
071950.KS,코아스,KOSPI,36207472640.0,,,,,-0.114,14650.0,2910.0,1030757.0,386260.0
002020.KS,코오롱,KOSPI,702954471424.0,,,,1.07,0.915,63800.0,12570.0,145244.0,205404.0
138490.KS,코오롱ENP,KOSPI,299440013312.0,,,,2.54,,9370.0,4775.0,52091.0,77148.0
003070.KS,코오롱글로벌,KOSPI,182535929856.0,,,,4.39,,10860.0,7920.0,14473.0,13402.0
003075.KS,코오롱글로벌우,KOSPI,303690973184.0,,,,2.9,,21750.0,13100.0,166.0,2345.0
450140.KS,코오롱모빌리티그룹,KOSPI,564905508864.0,,,,0.8,3.384,22500.0,1756.0,307232.0,2786191.0
45014K.KS,코오롱모빌리티그룹우,KOSPI,945728323584.0,,,,0.29,3.384,86400.0,2850.0,31570.0,303618.0
002025.KS,코오롱우,KOSPI,650423238656.0,,,,2.42,0.915,30000.0,11570.0,10543.0,22744.0
120110.KS,코오롱인더,KOSPI,1242993655808.0,,,,4.63,0.937,48900.0,25700.0,395899.0,170775.0
120115.KS,코오롱인더우,KOSPI,1291318329344.0,,,,2.49,0.937,26275.0,17880.0,14825.0,7642.0
021240.KS,코웨이,KOSPI,6328872337408.0,,,,2.98,,114700.0,62200.0,162103.0,174376.0
036420.KS,콘텐트리중앙,KOSPI,174042497024.0,,,,,,13730.0,7420.0,31812.0,57638.0
024720.KS,콜마홀딩스,KOSPI,354966306816.0,,,,2.42,0.813,20150.0,6180.0,153630.0,305530.0
192400.KS,쿠쿠홀딩스,KOSPI,895057461248.0,,,,4.17,0.175,35900.0,21000.0,52333.0,38578.0
284740.KS,쿠쿠홈시스,KOSPI,553832808448.0,,,,4.05,0.515,31650.0,18900.0,24673.0,30699.0
264900.KS,크라운제과,KOSPI,117020336128.0,,,,3.06,,10120.0,7400.0,13285.0,17786.0
26490K.KS,크라운제과우,KOSPI,120729182208.0,,,,2.99,,15500.0,9000.0,1376.0,5449.0
005740.KS,크라운해태홀딩스,KOSPI,100785659904.0,,,,1.93,,10490.0,5000.0,21424.0,47343.0
005745.KS,크라운해태홀딩스우,KOSPI,114692284416.0,,,,1.76,,13320.0,7250.0,615.0,1665.0
259960.KS,크래프톤,KOSPI,11292113895424.0,,,,,1.094,393000.0,245500.0,92714.0,102271.0
020120.KS,키다리스튜디오,KOSPI,130277122048.0,,,,,1.211,4570.0,2755.0,92748.0,206638.0
039490.KS,키움증권,KOSPI,6588323069952.0,,,,2.86,1.345,322500.0,107000.0,157659.0,150923.0
014580.KS,태경비케이,KOSPI,134329696256.0,,,,3.08,0.731,6570.0,3930.0,90856.0,150726.0
015890.KS,태경산업,KOSPI,149066629120.0,,,,4.9,0.243,6450.0,4390.0,53153.0,65382.0
006890.KS,태경케미컬,KOSPI,88064393216.0,,,,2.32,1.006,12160.0,7750.0,38399.0,23468.0
003240.KS,태광산업,KOSPI,653947305984.0,,,,0.23,,1292000.0,573000.0,1401.0,1684.0
011280.KS,태림포장,KOSPI,119298195456.0,,,,,0.888,2780.0,1715.0,20825.0,51341.0
004100.KS,태양금속,KOSPI,87963623424.0,,,,0.41,,5240.0,1951.0,414335.0,307213.0
004105.KS,태양금속우,KOSPI,44976263168.0,,,,0.44,,8350.0,2950.0,31925.0,43950.0
009410.KS,태영건설,KOSPI,469373255680.0,,,,,0.646,4080.0,1510.0,164948.0,280766.0
009415.KS,태영건설우,KOSPI,549151244288.0,,,,,0.646,14100.0,4005.0,340.0,1115.0
001420.KS,태원물산,KOSPI,24492576768.0,,,,5.99,,4550.0,2790.0,1146.0,5489.0
055490.KS,테이팩스,KOSPI,73643393024.0,,,,1.3,0.853,18800.0,11750.0,16035.0,26843.0
078000.KS,텔코웨어,KOSPI,80713367552.0,,,,4.09,0.309,23000.0,8510.0,22120.0,113857.0
214420.KS,토니모리,KOSPI,211538477056.0,,,,1.36,0.372,13610.0,5410.0,388813.0,280283.0
019180.KS,티에이치엔,KOSPI,113220001792.0,,,,0.95,,7680.0,2695.0,480211.0,806246.0
363280.KS,티와이홀딩스,KOSPI,89573982208.0,,,,,0.882,4620.0,1991.0,24513.0,67508.0
36328K.KS,티와이홀딩스우,KOSPI,,,,,,0.882,9760.0,3050.0,1794.0,5141.0
091810.KS,티웨이항공,KOSPI,438947381248.0,,,,,,9105.0,1594.0,430523.0,341909.0
004870.KS,티웨이홀딩스,KOSPI,50244366336.0,,,,,0.672,1322.0,444.0,147379.0,178498.0
034230.KS,파라다이스,KOSPI,1573726191616.0,,,,0.83,,24000.0,9230.0,2643715.0,1646366.0
005690.KS,파미셀,KOSPI,987066073088.0,,,,0.12,0.534,20800.0,4420.0,4501873.0,3773548.0
036580.KS,팜스코,KOSPI,88247468032.0,,,,1.98,0.983,3300.0,1906.0,55920.0,44983.0
004720.KS,팜젠사이언스,KOSPI,72024702976.0,,,,,0.196,5490.0,3640.0,41195.0,76202.0
028670.KS,팬오션,KOSPI,2004635615232.0,,,,3.2,1.114,4375.0,3005.0,1339735.0,1522458.0
010820.KS,퍼스텍,KOSPI,185389301760.0,,,,,0.4,5240.0,2600.0,359241.0,1221222.0
016800.KS,퍼시스,KOSPI,405834989568.0,,,,2.65,,49300.0,38600.0,996.0,1742.0
001020.KS,페이퍼코리아,KOSPI,113335984128.0,,,,,1.081,915.0,632.0,37838.0,183242.0
090080.KS,평화산업,KOSPI,51114004480.0,,,,,,2580.0,760.0,78911.0,211489.0
010770.KS,평화홀딩스,KOSPI,52735541248.0,,,,4.09,1.538,16020.0,2355.0,30397.0,116897.0
022100.KS,포스코DX,KOSPI,3704469323776.0,,,,0.51,,32800.0,17800.0,336839.0,688306.0
058430.KS,포스코스틸리온,KOSPI,224048070656.0,,,,5.78,2.15,52600.0,25500.0,4205.0,9544.0
047050.KS,포스코인터내셔널,KOSPI,8999468531712.0,,,,4.55,,64800.0,37400.0,320514.0,512400.0
003670.KS,포스코퓨처엠,KOSPI,17116765880320.0,,,,,,260000.0,98500.0,257378.0,512897.0
017810.KS,풀무원,KOSPI,499498483712.0,,,,0.75,0.471,19320.0,10030.0,101427.0,205223.0
103140.KS,풍산,KOSPI,2581199323136.0,,,,2.75,1.249,172200.0,46150.0,199815.0,288283.0
005810.KS,풍산홀딩스,KOSPI,508338536448.0,,,,3.86,,54800.0,23950.0,27540.0,26728.0
950210.KS,프레스티지바이오파마,KOSPI,712740438016.0,,,,,1.0,20000.0,11000.0,93119.0,134639.0
009810.KS,플레이그램,KOSPI,42222051328.0,,,,,-0.378,431.0,266.0,700450.0,355743.0
086790.KS,하나금융지주,KOSPI,24932710875136.0,,,,4.99,,101100.0,51500.0,530067.0,866687.0
293480.KS,하나제약,KOSPI,196868145152.0,,,,3.76,0.474651,12500.0,10050.0,12173.0,20945.0
039130.KS,하나투어,KOSPI,743516733440.0,,,,4.79,0.688,60200.0,45200.0,75608.0,67944.0
352820.KS,하이브,KOSPI,12127532220416.0,,,,0.07,1.026,351000.0,181100.0,175410.0,270101.0
071090.KS,하이스틸,KOSPI,70945185792.0,,,,0.28,0.664,6250.0,2500.0,119759.0,959272.0
000080.KS,하이트진로,KOSPI,1314704982016.0,,,,3.72,,22200.0,18550.0,92483.0,135632.0
000087.KS,하이트진로2우B,KOSPI,1370348453888.0,,,,4.9,,16540.0,14610.0,980.0,2422.0
000140.KS,하이트진로홀딩스,KOSPI,223077679104.0,,,,3.44,0.53,12850.0,8150.0,29704.0,27138.0
000145.KS,하이트진로홀딩스우,KOSPI,276675428352.0,,,,3.16,0.53,14950.0,10010.0,31.0,640.0
152550.KS,한국ANKOR유전,KOSPI,,,,,,,2590.0,203.0,,
036460.KS,한국가스공사,KOSPI,3512836030464.0,,,,3.61,0.557,49350.0,29600.0,135388.0,257873.0
005430.KS,한국공항,KOSPI,174318026752.0,,,,1.75,,73500.0,43500.0,5744.0,12592.0
071050.KS,한국금융지주,KOSPI,8940544851968.0,,,,2.6,1.306,187400.0,64600.0,221292.0,307963.0
071055.KS,한국금융지주우,KOSPI,10460400189440.0,,,,3.38,1.306,134900.0,50700.0,36686.0,32549.0
010040.KS,한국내화,KOSPI,73354805248.0,,,,4.83,,2490.0,1995.0,10708.0,38023.0
025540.KS,한국단자,KOSPI,607911477248.0,,,,4.24,0.829,86200.0,57400.0,31185.0,18415.0
010100.KS,한국무브넥스,KOSPI,112666550272.0,,,,2.7,1.287,8510.0,2700.0,60637.0,262661.0
004090.KS,한국석유,KOSPI,174715846656.0,,,,0.87,0.215,21500.0,10880.0,26573.0,72278.0
002200.KS,한국수출포장,KOSPI,113324621824.0,,,,2.57,0.522,3220.0,2490.0,52595.0,65793.0
002960.KS,한국쉘석유,KOSPI,604500000768.0,,,,5.81,0.146,490000.0,306500.0,2800.0,1855.0
000240.KS,한국앤컴퍼니,KOSPI,2533710364672.0,,,,4.07,0.521,28600.0,13360.0,53045.0,89255.0
123890.KS,한국자산신탁,KOSPI,295516438528.0,,,,4.14,0.347,2955.0,2075.0,152242.0,172265.0
015760.KS,한국전력,KOSPI,30910571347968.0,,,,0.44,0.874,52000.0,19400.0,4979413.0,3766236.0
006200.KS,한국전자홀딩스,KOSPI,28988741632.0,,,,3.03,,930.0,621.0,61457.0,298359.0
027970.KS,한국제지,KOSPI,141852442624.0,,,,,,910.0,739.0,112019.0,75514.0
023350.KS,한국종합기술,KOSPI,46869635072.0,,,,2.22,0.809,7900.0,4265.0,38985.0,64448.0
025890.KS,한국주강,KOSPI,18399760384.0,,,,,0.698,2525.0,1649.0,18637.0,107553.0
000970.KS,한국주철관,KOSPI,154878984192.0,,,,5.56,0.472,8380.0,6000.0,21270.0,36563.0
104700.KS,한국철강,KOSPI,325468651520.0,,,,12.21,,11880.0,7250.0,28200.0,34689.0
017960.KS,한국카본,KOSPI,1344818774016.0,,,,0.49,,39300.0,9400.0,456318.0,535942.0
161890.KS,한국콜마,KOSPI,1586261131264.0,,,,1.07,,110700.0,49550.0,185991.0,200282.0
161390.KS,한국타이어앤테크놀로지,KOSPI,7063148691456.0,,,,4.84,0.392,61600.0,35950.0,188399.0,386804.0
034830.KS,한국토지신탁,KOSPI,286975688704.0,,,,5.26,0.559,1452.0,973.0,402168.0,853626.0
007280.KS,한국특강,KOSPI,88921948160.0,,,,6.44,,1948.0,1218.0,46385.0,100539.0
047810.KS,한국항공우주,KOSPI,10390846046208.0,,,,0.47,,118800.0,49050.0,543705.0,732731.0
123690.KS,한국화장품,KOSPI,176898457600.0,,,,,0.423,13080.0,5520.0,2200402.0,519307.0
003350.KS,한국화장품제조,KOSPI,192850378752.0,,,,0.38,0.683,71300.0,42200.0,42172.0,38325.0
011500.KS,한농화성,KOSPI,223292686336.0,,,,0.41,1.301,20500.0,12240.0,69593.0,203264.0
002390.KS,한독,KOSPI,151994187776.0,,,,1.71,,14250.0,10500.0,11782.0,16126.0
053690.KS,한미글로벌,KOSPI,171497914368.0,,,,2.35,,24400.0,13530.0,81092.0,140124.0
042700.KS,한미반도체,KOSPI,11391845007360.0,,,,0.6,,159200.0,58200.0,984944.0,1391659.0
008930.KS,한미사이언스,KOSPI,2562963800064.0,,,,0.79,0.824,52800.0,24250.0,68039.0,160943.0
128940.KS,한미약품,KOSPI,5649035427840.0,,,,0.28,0.5,494000.0,214500.0,73436.0,151722.0
009240.KS,한샘,KOSPI,744524414976.0,,,,55.36,0.931,55000.0,36400.0,12018.0,32985.0
020000.KS,한섬,KOSPI,346638680064.0,,,,4.65,,18160.0,13650.0,157279.0,71785.0
003680.KS,한성기업,KOSPI,37333643264.0,,,,,0.365,7740.0,4550.0,2835656.0,400354.0
105630.KS,한세실업,KOSPI,521034989568.0,,,,3.78,0.308,14640.0,9050.0,211076.0,154354.0
069640.KS,한세엠케이,KOSPI,28568930304.0,,,,,,1995.0,664.0,34831.0,282455.0
016450.KS,한세예스24홀딩스,KOSPI,171064950784.0,,,,5.74,0.677,5200.0,3300.0,15318.0,50783.0
009180.KS,한솔로지스틱스,KOSPI,74172964864.0,,,,5.69,1.057,3240.0,1915.0,78776.0,96196.0
213500.KS,한솔제지,KOSPI,200676769792.0,,,,5.92,0.247,9390.0,7720.0,29325.0,56939.0
014680.KS,한솔케미칼,KOSPI,2346385408000.0,,,,1.01,1.415,238500.0,87000.0,67942.0,67672.0
004710.KS,한솔테크닉스,KOSPI,183792467968.0,,,,2.56,0.983,7500.0,3415.0,161309.0,394900.0
004150.KS,한솔홀딩스,KOSPI,126361993216.0,,,,3.9,0.462,3515.0,2155.0,107479.0,95540.0
025750.KS,한솔홈데코,KOSPI,51239436288.0,,,,,0.86,1240.0,569.0,74693.0,163761.0
004960.KS,한신공영,KOSPI,96846774272.0,,,,1.19,0.982,9350.0,5770.0,34620.0,32886.0
011700.KS,한신기계,KOSPI,95097683968.0,,,,0.51,0.063,5230.0,2360.0,161463.0,402672.0
001750.KS,한양증권,KOSPI,232804892672.0,,,,5.19,0.719,24800.0,11300.0,44238.0,44557.0
001755.KS,한양증권우,KOSPI,203716001792.0,,,,5.49,0.719,22500.0,12020.0,1050.0,2909.0
018880.KS,한온시스템,KOSPI,2554157596672.0,,,,,1.027,4955.0,2940.0,1087843.0,2049655.0
009420.KS,한올바이오파마,KOSPI,2230675832832.0,,,,,,49600.0,24000.0,334869.0,702053.0
014130.KS,한익스프레스,KOSPI,39058001920.0,,,,3.02,,3940.0,3070.0,27153.0,18049.0
300720.KS,한일시멘트,KOSPI,1221773492224.0,,,,5.67,0.74,21900.0,13430.0,53926.0,81038.0
002220.KS,한일철강,KOSPI,96394665984.0,,,,0.25,0.817,4770.0,1609.0,66872.0,129574.0
003300.KS,한일홀딩스,KOSPI,505635667968.0,,,,5.67,,19750.0,13370.0,20339.0,17189.0
051600.KS,한전KPS,KOSPI,2349000032256.0,,,,4.73,0.63,65400.0,38000.0,155149.0,189964.0
052690.KS,한전기술,KOSPI,3382067593216.0,,,,1.12,1.425,121700.0,49250.0,115101.0,360349.0
130660.KS,한전산업,KOSPI,363815993344.0,,,,3.29,0.873,16990.0,8720.0,58307.0,184287.0
002320.KS,한진,KOSPI,295132168192.0,,,,3.0,0.635,23850.0,17760.0,49627.0,24456.0
003480.KS,한진중공업홀딩스,KOSPI,117924560896.0,,,,2.65,0.418,6790.0,3260.0,96214.0,479404.0
180640.KS,한진칼,KOSPI,6578289246208.0,,,,0.37,0.58,165000.0,71100.0,63873.0,79208.0
18064K.KS,한진칼우,KOSPI,7383263215616.0,,,,1.13,0.58,57300.0,20400.0,2678.0,11422.0
005110.KS,한창,KOSPI,0.0,,,,,,1254.0,1254.0,,
009460.KS,한창제지,KOSPI,30907758592.0,,,,,0.626,930.0,480.0,361511.0,99085.0
372910.KS,한컴라이프케어,KOSPI,70292987904.0,,,,,0.147,3860.0,2480.0,56484.0,108142.0
000880.KS,한화,KOSPI,7100520988672.0,,,,1.0,1.253,113500.0,26000.0,263101.0,321354.0
00088K.KS,한화3우B,KOSPI,6948157652992.0,,,,2.26,1.253,45900.0,14660.0,70049.0,61859.0
452260.KS,한화갤러리아,KOSPI,209279418368.0,,,,,0.667,1515.0,999.0,527357.0,394354.0
45226K.KS,한화갤러리아우,KOSPI,,,,,,0.667,2710.0,2000.0,382.0,5174.0
451800.KS,한화리츠,KOSPI,721992024064.0,,,,7.29,,4145.0,3335.0,158500.0,252276.0
489790.KS,한화비전,KOSPI,2304772669440.0,,,,,,71400.0,28400.0,408772.0,531547.0
088350.KS,한화생명,KOSPI,2239143084032.0,,,,,0.699,4355.0,2370.0,1817208.0,1343768.0
000370.KS,한화손해보험,KOSPI,596601405440.0,,,,,0.384,8150.0,3640.0,359886.0,688024.0
009830.KS,한화솔루션,KOSPI,4589540081664.0,,,,1.12,0.934,40750.0,14860.0,414897.0,1291933.0
009835.KS,한화솔루션우,KOSPI,4773392154624.0,,,,1.68,0.934,33400.0,13620.0,5903.0,10162.0
272210.KS,한화시스템,KOSPI,9087872925696.0,,,,0.72,1.54,70200.0,19570.0,806246.0,1424972.0
012450.KS,한화에어로스페이스,KOSPI,44708994744320.0,,,,0.4,0.879,1127000.0,270000.0,256581.0,199159.0
082740.KS,한화엔진,KOSPI,3478844866560.0,,,,,1.197,53900.0,14040.0,710669.0,1906535.0
042660.KS,한화오션,KOSPI,36706384347136.0,,,,,0.928,151600.0,29850.0,877135.0,2863881.0
003530.KS,한화투자증권,KOSPI,1099885576192.0,,,,,1.485,7490.0,2910.0,1534473.0,3226761.0
003535.KS,한화투자증권우,KOSPI,2097837113344.0,,,,,1.485,16920.0,5140.0,17326.0,329486.0
195870.KS,해성디에스,KOSPI,818550013952.0,,,,1.66,,58500.0,17850.0,379998.0,277296.0
101530.KS,해태제과식품,KOSPI,169447866368.0,,,,3.91,0.438,8900.0,5410.0,23667.0,33730.0
143210.KS,핸즈코퍼레이션,KOSPI,31165870080.0,,,,,0.706,2285.0,1300.0,18469.0,138082.0
000720.KS,현대건설,KOSPI,6665940238336.0,,,,1.01,1.2,85100.0,24100.0,893700.0,1234301.0
000725.KS,현대건설우,KOSPI,7082867687424.0,,,,1.25,1.2,74500.0,42000.0,2642.0,6471.0
453340.KS,현대그린푸드,KOSPI,533150171136.0,,,,3.95,-0.37,18550.0,13080.0,35564.0,39089.0
086280.KS,현대글로비스,KOSPI,12022499508224.0,,,,2.31,,194900.0,104500.0,85163.0,204280.0
064350.KS,현대로템,KOSPI,19951211511808.0,,,,0.11,1.319,249500.0,43650.0,379598.0,711205.0
079430.KS,현대리바트,KOSPI,129535459328.0,,,,2.02,,8610.0,6350.0,27070.0,27949.0
012330.KS,현대모비스,KOSPI,26430029168640.0,,,,2.2,0.678,327000.0,232000.0,135555.0,195560.0
069960.KS,현대백화점,KOSPI,2068132528128.0,,,,1.99,0.816,98400.0,42850.0,155403.0,107637.0
004560.KS,현대비앤지스틸,KOSPI,161455489024.0,,,,0.94,,14280.0,9890.0,11583.0,36144.0
004310.KS,현대약품,KOSPI,94219190272.0,,,,0.83,0.414,4890.0,2995.0,76328.0,201018.0
017800.KS,현대엘리베이터,KOSPI,2855910506496.0,,,,7.59,,91800.0,47350.0,259787.0,285091.0
307950.KS,현대오토에버,KOSPI,5103441936384.0,,,,0.96,1.446,238000.0,107000.0,71076.0,126150.0
011210.KS,현대위아,KOSPI,1468195405824.0,,,,1.99,1.08,60500.0,36400.0,62643.0,103474.0
004020.KS,현대제철,KOSPI,3939794681856.0,,,,2.5,,38450.0,19900.0,303053.0,472902.0
005440.KS,현대지에프홀딩스,KOSPI,1284651483136.0,,,,3.34,,10510.0,4500.0,165086.0,287630.0
005380.KS,현대차,KOSPI,67546975830016.0,,,,3.85,0.902,298000.0,175800.0,538414.0,795955.0
005387.KS,현대차2우B,KOSPI,62343983661056.0,,,,5.08,0.902,226500.0,133300.0,126730.0,139825.0
005389.KS,현대차3우B,KOSPI,63222811983872.0,,,,5.14,0.902,218500.0,132500.0,14668.0,17560.0
005385.KS,현대차우,KOSPI,63132219211776.0,,,,5.15,0.902,220500.0,132000.0,109755.0,117065.0
001500.KS,현대차증권,KOSPI,496519348224.0,,,,2.24,0.623,10730.0,5180.0,77736.0,242013.0
011760.KS,현대코퍼레이션,KOSPI,257034665984.0,,,,3.27,,30200.0,17750.0,31530.0,42073.0
227840.KS,현대코퍼레이션홀딩스,KOSPI,106919018496.0,,,,4.13,0.395,14720.0,9900.0,7515.0,17088.0
126560.KS,현대퓨처넷,KOSPI,344300060672.0,,,,3.5,0.347,4390.0,2605.0,170340.0,74955.0
001450.KS,현대해상,KOSPI,2172081537024.0,,,,,-0.266,30700.0,19840.0,312217.0,452822.0
057050.KS,현대홈쇼핑,KOSPI,625392418816.0,,,,5.02,,60300.0,42800.0,8604.0,11494.0
093240.KS,형지엘리트,KOSPI,50654269440.0,,,,,1.78,4080.0,1016.0,8460125.0,1893360.0
003010.KS,혜인,KOSPI,55138897920.0,,,,3.51,0.749,6240.0,4210.0,68289.0,120940.0
111110.KS,호전실업,KOSPI,69252521984.0,,,,5.13,0.626,9190.0,6760.0,8453.0,57580.0
008770.KS,호텔신라,KOSPI,1834006478848.0,,,,,0.601,57300.0,35900.0,299166.0,239782.0
008775.KS,호텔신라우,KOSPI,1734859161600.0,,,,,0.601,52500.0,28900.0,1793.0,2506.0
378850.KS,화승알앤에이,KOSPI,58396667904.0,,,,2.44,,4145.0,2755.0,37753.0,668761.0
241590.KS,화승엔터프라이즈,KOSPI,290828517376.0,,,,0.94,,12000.0,4630.0,64960.0,179253.0
006060.KS,화승인더,KOSPI,181545074688.0,,,,5.42,,5310.0,3625.0,112904.0,125377.0
013520.KS,화승코퍼레이션,KOSPI,98266480640.0,,,,3.58,,2560.0,1400.0,185414.0,313496.0
010690.KS,화신,KOSPI,263045693440.0,,,,1.98,,10390.0,6150.0,122205.0,303639.0
133820.KS,화인베스틸,KOSPI,53329182720.0,,,,,0.587,2950.0,782.0,187004.0,1128818.0
010660.KS,화천기계,KOSPI,105270001664.0,,,,0.84,-0.169,6100.0,2475.0,208111.0,387027.0
000850.KS,화천기공,KOSPI,69959999488.0,,,,3.3,,34750.0,25500.0,3393.0,3010.0
016580.KS,환인제약,KOSPI,173739261952.0,,,,2.64,0.291,13210.0,10050.0,15452.0,48700.0
032560.KS,황금에스티,KOSPI,102782132224.0,,,,2.48,,6300.0,4515.0,15157.0,19870.0
004800.KS,효성,KOSPI,2054593576960.0,,,,2.44,0.716,170000.0,43550.0,55453.0,61689.0
094280.KS,효성ITX,KOSPI,141622231040.0,,,,4.68,0.51,16500.0,11470.0,6479.0,9770.0
298040.KS,효성중공업,KOSPI,17785426018304.0,,,,0.26,1.628,2483000.0,366000.0,66999.0,68615.0
298020.KS,효성티앤씨,KOSPI,952794480640.0,,,,4.5,1.403,281000.0,186500.0,19355.0,12629.0
298000.KS,효성화학,KOSPI,146577997824.0,,,,,1.116,57000.0,28150.0,0.0,0.0
093370.KS,후성,KOSPI,862332059648.0,,,,,1.063,10410.0,3800.0,1254270.0,2275606.0
005870.KS,휴니드,KOSPI,99095011328.0,,,,,0.225,11690.0,6550.0,22271.0,85684.0
079980.KS,휴비스,KOSPI,90832486400.0,,,,,0.042,3820.0,2315.0,25123.0,73162.0
005010.KS,휴스틸,KOSPI,220538191872.0,,,,3.82,,7050.0,3450.0,127449.0,347178.0
000540.KS,흥국화재,KOSPI,233200795648.0,,,,,0.545,6070.0,2925.0,46413.0,88713.0
000545.KS,흥국화재우,KOSPI,347302592512.0,,,,,0.545,23350.0,4300.0,3308.0,8055.0
003280.KS,흥아해운,KOSPI,381300310016.0,,,,,0.114,2545.0,1414.0,1222096.0,7448846.0
060310.KQ,3S,KOSDAQ,91102371840.0,,,,,,2885.0,1600.0,299963.0,331133.0
054620.KQ,APS,KOSDAQ,66106929152.0,,,,,0.525,6550.0,3730.0,15596.0,22006.0
265520.KQ,AP시스템,KOSDAQ,267098980352.0,,,,2.93,1.076,23450.0,14270.0,187791.0,221331.0
211270.KQ,AP위성,KOSDAQ,164393009152.0,,,,,0.641,15570.0,10050.0,40144.0,42937.0
139050.KQ,BF랩스,KOSDAQ,0.0,,,,,,2805.0,2805.0,,
126600.KQ,BGF에코머티리얼즈,KOSDAQ,185772605440.0,,,,1.67,0.715,3255.0,2360.0,48601.0,62702.0
083790.KQ,CG인바이츠,KOSDAQ,110496940032.0,,,,,,2640.0,1370.0,83082.0,213703.0
035760.KQ,CJ ENM,KOSDAQ,1338042744832.0,,,,,1.243,82300.0,51400.0,30843.0,72548.0
311690.KQ,CJ 바이오사이언스,KOSDAQ,113277558784.0,,,,,0.62,16330.0,8280.0,9915.0,16828.0
051500.KQ,CJ프레시웨이,KOSDAQ,322313551872.0,,,,1.66,0.298,30950.0,15710.0,8376.0,28993.0
058820.KQ,CMG제약,KOSDAQ,260875288576.0,,,,,0.727,3345.0,1590.0,297530.0,512344.0
056730.KQ,CNT85,KOSDAQ,46092873728.0,,,,,,1037.0,623.0,25335.0,27664.0
065770.KQ,CS,KOSDAQ,15490081792.0,,,,,,3190.0,797.0,219240.0,165489.0
083660.KQ,CSA 코스믹,KOSDAQ,35723223040.0,,,,,,2885.0,600.0,663633.0,2310458.0
477760.KQ,DB금융스팩12호,KOSDAQ,12263999488.0,,,,,,2140.0,1982.0,9896.0,6196.0
099520.KQ,DGI,KOSDAQ,,,,,,,,,,
060900.KQ,DGP,KOSDAQ,33302218752.0,,,,,0.399,1950.0,858.0,52763.0,989429.0
290120.KQ,DH오토리드,KOSDAQ,37978198016.0,,,,3.33,0.803,4345.0,2115.0,7345.0,18153.0
025440.KQ,DH오토웨어,KOSDAQ,35802226688.0,,,,,0.958,1344.0,640.0,25269.0,116568.0
068790.KQ,DMS,KOSDAQ,142869512192.0,,,,,,6820.0,4800.0,0.0,0.0
241520.KQ,DSC인베스트먼트,KOSDAQ,162288091136.0,,,,0.64,0.914,10500.0,2600.0,306869.0,596276.0
180400.KQ,DXVX,KOSDAQ,96222552064.0,,,,,-0.073,2890.0,1309.0,200864.0,212836.0
418620.KQ,E8,KOSDAQ,28721891328.0,,,,,,11280.0,1975.0,128599.0,325221.0
245620.KQ,EDGC,KOSDAQ,0.0,,,,,,415.0,415.0,,
037370.KQ,EG,KOSDAQ,48472342528.0,,,,,1.258,7670.0,5050.0,28355.0,150755.0
050120.KQ,ES큐브,KOSDAQ,38173204480.0,,,,,,3615.0,1500.0,12436.0,67606.0
214270.KQ,FSN,KOSDAQ,80514097152.0,,,,,0.841,3955.0,1060.0,150543.0,312923.0
130500.KQ,GH신소재,KOSDAQ,34544451584.0,,,,,1.118,4480.0,2240.0,31094.0,49411.0
900290.KQ,GRT,KOSDAQ,223739068416.0,,,,4.3,-0.951,5620.0,2495.0,100388.0,168974.0
083450.KQ,GST,KOSDAQ,450473590784.0,,,,,,31050.0,13960.0,359995.0,339009.0
297890.KQ,HB솔루션,KOSDAQ,154327318528.0,,,,1.42,1.364,3475.0,2045.0,676440.0,612773.0
440290.KQ,HB인베스트먼트,KOSDAQ,56382582784.0,,,,9.62,,2375.0,1501.0,41109.0,82498.0
078150.KQ,HB테크놀러지,KOSDAQ,165269585920.0,,,,1.08,0.842,3085.0,1541.0,1088403.0,1840512.0
225530.KQ,HC보광산업,KOSDAQ,102293020672.0,,,,5.33,0.279,6250.0,2630.0,6701.0,25670.0
060560.KQ,HC홈센타,KOSDAQ,88223301632.0,,,,4.32,0.66,1088.0,640.0,68899.0,144590.0
195940.KQ,HK이노엔,KOSDAQ,1399496638464.0,,,,0.71,0.652,53100.0,31650.0,198930.0,212821.0
028300.KQ,HLB,KOSDAQ,5889732902912.0,,,,,0.33,97600.0,36150.0,402467.0,682030.0
278650.KQ,HLB바이오스텝,KOSDAQ,119356776448.0,,,,,0.184,2660.0,1206.0,297094.0,1261831.0
067630.KQ,HLB생명과학,KOSDAQ,451443654656.0,,,,,,11940.0,3105.0,957226.0,844023.0
024850.KQ,HLB이노베이션,KOSDAQ,231741145088.0,,,,,-0.267,3190.0,1460.0,215009.0,536231.0
187420.KQ,HLB제넥스,KOSDAQ,80997752832.0,,,,,-0.128,5830.0,2780.0,92814.0,80393.0
047920.KQ,HLB제약,KOSDAQ,479073239040.0,,,,,1.831,33250.0,12500.0,102112.0,193769.0
115450.KQ,HLB테라퓨틱스,KOSDAQ,261589155840.0,,,,,-0.848,13619.048,2885.0,246986.0,498990.0
046210.KQ,HLB파나진,KOSDAQ,72563769344.0,,,,,,3315.0,1590.0,60540.0,157091.0
196300.KQ,HLB펩,KOSDAQ,60592955392.0,,,,,0.22,14790.0,5580.0,36336.0,22932.0
403870.KQ,HPSP,KOSDAQ,2286397161472.0,,,,2.12,1.54,38350.0,21150.0,722064.0,881658.0
036640.KQ,HRS,KOSDAQ,85182808064.0,,,,,,5840.0,4170.0,52560.0,51844.0
448760.KQ,IBKS제22호스팩,KOSDAQ,19425550336.0,,,,,,5700.0,2050.0,342514.0,999335.0
467930.KQ,IBKS제23호스팩,KOSDAQ,9348299776.0,,,,,,2245.0,2035.0,3347.0,6157.0
469480.KQ,IBKS제24호스팩,KOSDAQ,9306000384.0,,,,,,2230.0,2010.0,5220.0,5056.0
095340.KQ,ISC,KOSDAQ,1643274567680.0,,,,,,92000.0,42800.0,219490.0,217951.0
950170.KQ,JTC,KOSDAQ,196636114944.0,,,,,0.625,7520.0,3350.0,751083.0,207246.0
067290.KQ,JW신약,KOSDAQ,73868730368.0,,,,,,2020.0,1239.0476,61788.0,83642.0
035900.KQ,JYP Ent.,KOSDAQ,2196721893376.0,,,,0.81,0.412,88500.0,56600.0,196538.0,426178.0
318000.KQ,KBG,KOSDAQ,38712156160.0,,,,1.69,0.406,6340.0,3815.0,49516.0,146176.0
024840.KQ,KBI메탈,KOSDAQ,58527973376.0,,,,,0.852,2580.0,1597.0,171942.0,1060695.0
024120.KQ,KB오토시스,KOSDAQ,38984998912.0,,,,5.9,0.985,4140.0,2840.0,9026.0,51316.0
455250.KQ,KB제25호스팩,KOSDAQ,9083549696.0,,,,,,2185.0,2010.0,20878.0,10338.0
464680.KQ,KB제27호스팩,KOSDAQ,26713350144.0,,,,,0.035,2080.0,1929.0,39718.0,28658.0
478390.KQ,KB제29호스팩,KOSDAQ,12844300288.0,,,,,,2125.0,1970.0,2689.0,6000.0
486630.KQ,KB제30호스팩,KOSDAQ,,,,,,,2215.0,1950.0,9759.0,6518.0
492220.KQ,KB제31호스팩,KOSDAQ,12482100224.0,,,,,,3100.0,1906.0,6331.0,11239.0
0037T0.KQ,KB제32호스팩,KOSDAQ,12628349952.0,,,,,,2745.0,1970.0,3108.0,15611.0
0072Z0.KQ,KB제33호스팩,KOSDAQ,15635954688.0,,,,,,1991.0,1964.0,8681.0,264337.0
021320.KQ,KCC건설,KOSDAQ,98031820800.0,,,,,,5960.0,3750.0,6444.0,15595.0
044180.KQ,KD,KOSDAQ,14976524288.0,,,,,0.413,1355.0,382.0,345638.0,5641094.0
046440.KQ,KG모빌리언스,KOSDAQ,169977561088.0,,,,,,7330.0,3765.0,49403.0,83017.0
151860.KQ,KG에코솔루션,KOSDAQ,231597670400.0,,,,2.17,0.887,7860.0,4310.0,65280.0,102816.0
035600.KQ,KG이니시스,KOSDAQ,279760306176.0,,,,4.76,0.645,13070.0,7970.0,77376.0,144884.0
226360.KQ,KH 건설,KOSDAQ,0.0,,,,,,2552.0,319.0,,
111870.KQ,KH 미래물산,KOSDAQ,0.0,,,,,,8906.4375,198.0,,
060720.KQ,KH바텍,KOSDAQ,241530372096.0,,,,,,14250.0,7550.0,147261.0,332223.0
058400.KQ,KNN,KOSDAQ,92700803072.0,,,,2.86,0.732,1099.0,662.0,140374.0,214000.0
101000.KQ,KS인더스트리,KOSDAQ,27145017344.0,,,,,,3260.0,753.0,318627.0,5218231.0
089600.KQ,KT나스미디어,KOSDAQ,146075697152.0,,,,5.42,0.046,17900.0,12500.0,11928.0,15245.0
418470.KQ,KT밀리의서재,KOSDAQ,112613892096.0,,,,,0.333,19970.0,10600.0,14951.0,24143.0
043610.KQ,KT지니뮤직,KOSDAQ,108733988864.0,,,,,0.764,2555.0,1738.0,39511.0,87955.0
122450.KQ,KX,KOSDAQ,164631691264.0,,,,4.94,0.481,5620.0,2780.0,35325.0,65330.0
052900.KQ,KX하이텍,KOSDAQ,48203767808.0,,,,,,1125.0,783.0,98683.0,339880.0
036560.KQ,KZ정밀,KOSDAQ,224437501952.0,,,,,,19130.0,10260.0,4035.0,24956.0
061970.KQ,LB세미콘,KOSDAQ,241484218368.0,,,,,1.258,6100.0,2835.0,197292.0,598705.0
309960.KQ,LB인베스트먼트,KOSDAQ,118426533888.0,,,,,,7170.0,2895.0,53719.0,125854.0
225190.KQ,LK삼양,KOSDAQ,76362358784.0,,,,2.25,-0.013,3585.0,1355.0,225284.0,3388125.0
060370.KQ,LS마린솔루션,KOSDAQ,803434463232.0,,,,,,36500.0,11410.0,229934.0,484643.0
417200.KQ,LS머트리얼즈,KOSDAQ,821979774976.0,,,,,,16000.0,9050.0,367126.0,679317.0
078020.KQ,LS증권,KOSDAQ,242199347200.0,,,,,,6950.0,3370.0,64044.0,148073.0
322180.KQ,LS티라유텍,KOSDAQ,133063819264.0,,,,,0.987,9160.0,4400.0,207545.0,597668.0
476080.KQ,M83,KOSDAQ,76993650688.0,,,,,,20400.0,9600.0,78464.0,376322.0
086960.KQ,MDS테크,KOSDAQ,121967837184.0,,,,,,1777.0,768.0,1391893.0,2568444.0
160550.KQ,NEW,KOSDAQ,59579535360.0,,,,,1.842,3325.0,1765.0,63868.0,172114.0
053290.KQ,NE능률,KOSDAQ,30937245696.0,,,,,,5610.0,1794.0,15476.0,32078.0
060250.KQ,NHN KCP,KOSDAQ,618924736512.0,,,,0.61,,20900.0,6860.0,509286.0,1621701.0
104200.KQ,NHN벅스,KOSDAQ,35626713088.0,,,,,1.108,3810.0,2525.0,14897.0,74353.0
063570.KQ,NICE인프라,KOSDAQ,129207369728.0,,,,,,5370.0,3975.0,42032.0,69154.0
222160.KQ,NPX,KOSDAQ,0.0,,,,,,8040.0,8040.0,,
024940.KQ,PN풍년,KOSDAQ,49813004288.0,,,,0.57,,11790.0,4115.0,55214.0,77952.0
332570.KQ,PS일렉트로닉스,KOSDAQ,178415009792.0,,,,,1.429,7180.0,2010.0,2118577.0,3997085.0
218410.KQ,RFHIC,KOSDAQ,691598458880.0,,,,,,36900.0,10650.0,266008.0,279462.0
327260.KQ,RF머트리얼즈,KOSDAQ,132283727872.0,,,,,1.892,20600.0,4215.0,199810.0,288083.0
474610.KQ,RF시스템즈,KOSDAQ,53260312576.0,,,,,,7140.0,3595.0,75053.0,186732.0
091340.KQ,S&K폴리텍,KOSDAQ,25381001216.0,,,,,,3475.0,2100.0,42821.0,53713.0
419530.KQ,SAMG엔터,KOSDAQ,341967994880.0,,,,,2.503,99400.0,11480.0,84525.0,190706.0
019550.KQ,SBI인베스트먼트,KOSDAQ,107804262400.0,,,,,,919.0,613.0,206813.0,348341.0
246960.KQ,SCL사이언스,KOSDAQ,81188126720.0,,,,,0.962,5110.0,1882.5,38197.0,93509.0
099220.KQ,SDN,KOSDAQ,71567728640.0,,,,,,1881.0,974.0,167261.0,306664.0
036540.KQ,SFA반도체,KOSDAQ,621427294208.0,,,,,1.202,4900.0,2550.0,717485.0,1267051.0
255220.KQ,SG,KOSDAQ,211385237504.0,,,,,0.421,3955.0,1914.0,6214852.0,1277113.0
040610.KQ,SG&G,KOSDAQ,62295277568.0,,,,,1.056,2115.0,1456.0,192137.0,53100.0
184230.KQ,SGA솔루션즈,KOSDAQ,54772314112.0,,,,,1.192,930.0,364.7619,204796.0,1594945.0
016250.KQ,SGC E&C,KOSDAQ,66422296576.0,,,,3.79,,17690.0,11770.0,4165.0,3420.0
357880.KQ,SKAI,KOSDAQ,56769441792.0,,,,,0.55,3750.0,1450.0,574292.0,619329.0
048550.KQ,SM C&C,KOSDAQ,117951217664.0,,,,,,1706.0,1205.0,135021.0,1382136.0
063440.KQ,SM Life Design,KOSDAQ,79630434304.0,,,,,,2070.0,1211.0,867521.0,686110.0
067160.KQ,SOOP,KOSDAQ,734260690944.0,,,,,,135900.0,67700.0,26170.0,43435.0
289080.KQ,SV인베스트먼트,KOSDAQ,86617997312.0,,,,,0.844,2050.0,1156.0,195635.0,312398.0
013720.KQ,THE CUBE&,KOSDAQ,42965544960.0,,,,,,2030.0,630.0,331792.0,274177.0
089230.KQ,THE E&M,KOSDAQ,23428438016.0,,,,,,1590.0,706.0,26317.0,193315.0
032540.KQ,TJ미디어,KOSDAQ,75091369984.0,,,,,,6240.0,4530.0,4538.0,7757.0
048770.KQ,TPC,KOSDAQ,32337860608.0,,,,,,2820.0,1623.0,195427.0,318392.0
246690.KQ,TS인베스트먼트,KOSDAQ,53606363136.0,,,,0.76,0.43,2865.0,801.0,171674.0,895826.0
317240.KQ,TS트릴리온,KOSDAQ,24753072128.0,,,,,0.222,379.0,192.0,1108416.0,3445656.0
057030.KQ,YBM넷,KOSDAQ,48876728320.0,,,,,,5640.0,2910.0,44583.0,36120.0
040300.KQ,YTN,KOSDAQ,161148190720.0,,,,,-0.52,5010.0,2625.0,10901228.0,1704533.0
051390.KQ,YW,KOSDAQ,31480391680.0,,,,5.1,,4320.0,3500.0,8643.0,7693.0
052220.KQ,iMBC,KOSDAQ,68655001600.0,,,,,,6150.0,2285.0,4024986.0,1038248.0
079940.KQ,가비아,KOSDAQ,355782262784.0,,,,,,31300.0,13300.0,27982.0,73384.0
078890.KQ,가온그룹,KOSDAQ,88831303680.0,,,,,,5350.0,2540.0,920530.0,191196.0
399720.KQ,가온칩스,KOSDAQ,482577481728.0,,,,,1.271,61500.0,27450.0,71142.0,109228.0
036620.KQ,감성코퍼레이션,KOSDAQ,545399996416.0,,,,,,6940.0,2490.0,1319164.0,1162175.0
198440.KQ,강동씨앤엘,KOSDAQ,62137470976.0,,,,,0.747,1680.0,1003.0,28538.0,54965.0
217730.KQ,강스템바이오텍,KOSDAQ,97129668608.0,,,,,0.72,2815.0,1080.0,343843.0,515671.0
114190.KQ,강원에너지,KOSDAQ,382180032512.0,,,,,0.979,20250.0,5730.0,547803.0,2024646.0
094480.KQ,갤럭시아머니트리,KOSDAQ,395436785664.0,,,,,,15880.0,6650.0,530368.0,611842.0
039240.KQ,경남스틸,KOSDAQ,72170438656.0,,,,,,9710.0,2605.0,132528.0,169599.0
053950.KQ,경남제약,KOSDAQ,59391774720.0,,,,,,1116.0,555.0,2256047.0,4881927.0
011040.KQ,경동제약,KOSDAQ,158956437504.0,,,,,,6890.0,5330.0,19874.0,128660.0
024910.KQ,경창산업,KOSDAQ,52130385920.0,,,,1.37,0.803,2260.0,1397.0,36598.0,130744.0
049720.KQ,고려신용정보,KOSDAQ,150937878528.0,,,,4.34,,11300.0,9280.0,108045.0,55971.0
014570.KQ,고려제약,KOSDAQ,47220998144.0,,,,3.67,,5600.0,4030.0,27416.0,12903.0
348150.KQ,고바이오랩,KOSDAQ,100201463808.0,,,,,0.647,7730.0,3730.0,70641.0,584993.0
950190.KQ,고스트스튜디오,KOSDAQ,115005243392.0,,,,5.4,0.339,13290.0,6690.0,607729.0,159446.0
098460.KQ,고영,KOSDAQ,1154885353472.0,,,,0.8,1.357,22250.0,7610.0,2244921.0,4297595.0
035290.KQ,골드앤에스,KOSDAQ,18212415488.0,,,,,0.499,591.0,351.0,354428.0,1090035.0
215000.KQ,골프존,KOSDAQ,354300887040,,,,6.78,0.21,77300.0,56900.0,8338.0,14986.0
121440.KQ,골프존홀딩스,KOSDAQ,203872256000,,,,,,6640.0,3335.0,75814.0,72392.0
366030.KQ,공구우먼,KOSDAQ,129126948864,,,,1.58,-1.825,6460.0,3175.0,419488.0,654298.0
014200.KQ,광림,KOSDAQ,26257567744,,,,,0.472,30180.004,1100.0,1233326.0,245911.0
029480.KQ,광무,KOSDAQ,114232270848,,,,,-0.048,3320.0,2000.0,253449.0,386843.0
026910.KQ,광진실업,KOSDAQ,15917431808,,,,,,3400.0,1812.0,8309.0,9312.0
456490.KQ,교보14호스팩,KOSDAQ,9029999616,,,,,,2310.0,2040.0,7696.0,14230.0
465320.KQ,교보15호스팩,KOSDAQ,8896350208,,,,,,2440.0,2015.0,0.0,6509.0
482520.KQ,교보16호스팩,KOSDAQ,12779499520,,,,,,2105.0,1962.0,5887.0,9637.0
489210.KQ,교보17호스팩,KOSDAQ,10800300032,,,,,,2100.0,1952.0,3236.0,8393.0
0041B0.KQ,교보18호스팩,KOSDAQ,10306799616,,,,,,2700.0,1981.0,3364.0,27434.0
053270.KQ,구영테크,KOSDAQ,52688904192,,,,,,2690.0,1785.0,29652.0,75290.0
066620.KQ,국보디자인,KOSDAQ,144418979840,,,,2.29,0.507,24400.0,15740.0,10115.0,8847.0
043650.KQ,국순당,KOSDAQ,65086828544,,,,,,5200.0,3955.0,27172.0,34129.0
006050.KQ,국영지앤엠,KOSDAQ,40742084608,,,,,,2750.0,1175.0,64396.0,125414.0
060480.KQ,국일신동,KOSDAQ,17411299328,,,,,0.751,2025.0,1528.0,13863.0,39535.0
078130.KQ,국일제지,KOSDAQ,397974241280,,,,,,917.0,352.0,829462.0,1491444.0
307750.KQ,국전약품,KOSDAQ,170384097280,,,,0.29,-0.898,5290.0,2780.0,76969.0,187187.0
035080.KQ,그래디언트,KOSDAQ,143829499904,,,,1.68,0.673,18700.0,10820.0,6424.0,18259.0
318060.KQ,그래피,KOSDAQ,132244545536,,,,,,14680.0,8210.0,164812.0,1157614.0
453450.KQ,그리드위즈,KOSDAQ,115646439424,,,,,,25850.0,12120.0,12630.0,24315.0
204020.KQ,그리티,KOSDAQ,40389373952,,,,5.26,0.416,4670.0,2070.0,62658.0,108405.0
0015G0.KQ,그린광학,KOSDAQ,245753364480,,,,,,55000.0,18900.0,1499476.0,11350317.0
402490.KQ,그린리소스,KOSDAQ,116574568448,,,,,,12020.0,5250.0,77888.0,276276.0
114450.KQ,그린생명과학,KOSDAQ,74154819584,,,,,,4640.0,1450.0,27630699.0,3244348.0
186230.KQ,그린플러스,KOSDAQ,64499118080,,,,,0.776,9900.0,5500.0,27309.0,43314.0
900070.KQ,글로벌에스엠,KOSDAQ,22127411200,,,,,0.548,601.0,361.0,25184.0,81510.0
204620.KQ,글로벌텍스프리,KOSDAQ,475745714176,,,,,0.339,7830.0,2880.7659,5385361.0,2267487.0
019660.KQ,글로본,KOSDAQ,37784563712,,,,,,3912.0,1467.0,11991.0,45039.0
053260.KQ,금강철강,KOSDAQ,62158442496,,,,3.79,0.199,5480.0,3720.0,16551.0,396488.0
282720.KQ,금양그린파워,KOSDAQ,141544734720,,,,,,14460.0,7900.0,32346.0,58614.0
036190.KQ,금화피에스시,KOSDAQ,177468997632,,,,4.66,0.36,35800.0,23700.0,22798.0,11287.0
049080.KQ,기가레인,KOSDAQ,49230401536,,,,,1.833,649.0,442.0,336686.0,876235.0
420770.KQ,기가비스,KOSDAQ,393582280704,,,,2.58,2.743,42500.0,20300.0,43467.0,74129.0
035460.KQ,기산텔레콤,KOSDAQ,27332511744,,,,,,2445.0,1600.0,20770.0,44455.0
407400.KQ,꿈비,KOSDAQ,65936801792,,,,,,15870.0,4370.0,50562.0,77146.0
187790.KQ,나노,KOSDAQ,81117814784,,,,,0.515,3300.0,936.0,747412.0,616542.0
121600.KQ,나노신소재,KOSDAQ,649773973504,,,,0.46,0.385,78600.0,44150.0,73863.0,109886.0
286750.KQ,나노실리칸첨단소재,KOSDAQ,47159455744,,,,,0.424,3260.0,1301.0,1167184.0,668515.0
247660.KQ,나노씨엠에스,KOSDAQ,21350367232,,,,,0.401,7960.0,4290.0,41333.0,14421.0
039860.KQ,나노엔텍,KOSDAQ,98417401856,,,,,0.315,4680.0,2885.0,137492.0,178152.0
091970.KQ,나노캠텍,KOSDAQ,23490779136,,,,,0.4,1118.0,502.0,298819.0,1804647.0
417010.KQ,나노팀,KOSDAQ,89919520768,,,,,0.73,9930.0,4340.0,13391.0,53794.0
405920.KQ,나라셀라,KOSDAQ,27848560640,,,,,,4035.0,2100.0,2971.0,13603.0
051490.KQ,나라엠앤디,KOSDAQ,51442647040,,,,2.31,,5070.0,3300.0,35306.0,75418.0
137080.KQ,나래나노텍,KOSDAQ,33233563648,,,,,0.714,5040.0,2880.0,9717.0,29459.0
190510.KQ,나무가,KOSDAQ,219242692608,,,,,,18410.0,10720.0,67913.0,97019.0
242040.KQ,나무기술,KOSDAQ,45662932992,,,,,1.063,2120.0,1220.0,68725.0,612175.0
293580.KQ,나우IB,KOSDAQ,107270848512,,,,1.77,0.568,2570.0,860.0,320259.0,340992.0
459510.KQ,나우로보틱스,KOSDAQ,278600220672,,,,,,33500.0,12850.0,885675.0,1097566.0
138610.KQ,나이벡,KOSDAQ,419439935488,,,,,0.949,48200.0,12800.0,75347.0,303059.0
130580.KQ,나이스디앤비,KOSDAQ,88858001408,,,,,,6310.0,4395.0,76267.0,14787.0
036800.KQ,나이스정보통신,KOSDAQ,229318688768,,,,3.09,0.276,28000.0,16710.0,23887.0,12689.0
267320.KQ,나인테크,KOSDAQ,173017137152,,,,,0.814,5300.0,1635.0,910101.0,2261144.0
111710.KQ,남화산업,KOSDAQ,88219582464,,,,4.67,0.552,5530.0,4270.0,2356.0,3912.0
091590.KQ,남화토건,KOSDAQ,43614101504,,,,2.69,0.969,5250.0,3470.0,11175.0,15237.0
168330.KQ,내츄럴엔도텍,KOSDAQ,67566948352,,,,,-0.01,6300.0,1278.0,28887.0,54530.0
094860.KQ,네오리진,KOSDAQ,26990264320,,,,,,1490.0,822.0,78980.0,256086.0
253590.KQ,네오셈,KOSDAQ,403316113408,,,,0.63,1.489,13370.0,7610.0,365273.0,809974.0
212560.KQ,네오오토,KOSDAQ,61185306624,,,,2.57,0.691,7020.0,4386.6665,54797.0,86778.0
095660.KQ,네오위즈,KOSDAQ,487929446400,,,,,,29100.0,17720.0,44265.0,78723.0
042420.KQ,네오위즈홀딩스,KOSDAQ,166631047168,,,,1.16,1.335,34150.0,15700.0,7608.0,10304.0
950220.KQ,네오이뮨텍,KOSDAQ,11646586880,,,,,0.539,1881.0,540.0,2173466.0,2691770.0
311390.KQ,네오크레마,KOSDAQ,73881985024,,,,,0.638,11120.0,4900.0,43630.0,280516.0
085910.KQ,네오티스,KOSDAQ,66822680576,,,,,,5680.0,2890.0,299965.0,370070.0
092730.KQ,네오팜,KOSDAQ,294524846080,,,,,,22650.0,10700.0,91734.0,138175.0
290660.KQ,네오펙트,KOSDAQ,37347459072,,,,,0.798,1918.0,671.0,141229.0,242032.0
306620.KQ,네온테크,KOSDAQ,73508167680,,,,,0.391,3460.0,1758.0,121440.0,275818.0
153460.KQ,네이블,KOSDAQ,45392564224,,,,,,8400.0,6130.0,27310.0,5937.0
007390.KQ,네이처셀,KOSDAQ,1517445578752,,,,,,39350.0,15260.0,1057054.0,604380.0
033640.KQ,네패스,KOSDAQ,365027164160,,,,,1.788,18480.0,5940.0,123508.0,164150.0
330860.KQ,네패스아크,KOSDAQ,204691963904,,,,,1.815,22400.0,8790.0,79007.0,134152.0
351320.KQ,넥사다이내믹스,KOSDAQ,38306488320,,,,,1.012,3185.0,1262.0,243068.0,302529.0
089140.KQ,넥스턴앤롤코리아,KOSDAQ,30388019200,,,,,,3740.0,2110.0,34573.0,90346.0
389650.KQ,넥스트바이오메디컬,KOSDAQ,575387074560,,,,,,86500.0,34950.0,244478.0,111112.0
137940.KQ,넥스트아이,KOSDAQ,26169862144,,,,,,1160.0,302.0,303473.0,225876.0
396270.KQ,넥스트칩,KOSDAQ,49220222976,,,,,0.77,15260.0,2035.0,93063.0,446646.0
348210.KQ,넥스틴,KOSDAQ,610764587008,,,,0.84,1.404,67900.0,40750.0,83260.0,89771.0
225570.KQ,넥슨게임즈,KOSDAQ,815692578816,,,,,0.688,18420.0,11450.0,97641.0,155114.0
205500.KQ,넥써쓰,KOSDAQ,129029922816,,,,,0.987,4900.0,929.0,251609.0,270081.0
217270.KQ,넵튠,KOSDAQ,233891201024,,,,,0.877,10780.0,4850.0,66353.0,47010.0
104620.KQ,노랑풍선,KOSDAQ,96636968960,,,,,0.116,7580.0,4350.0,6522523.0,1590947.0
473980.KQ,노머스,KOSDAQ,218875379712,,,,,,38000.0,15090.0,116078.0,163092.0
194700.KQ,노바렉스,KOSDAQ,261638750208,,,,1.35,0.253,22100.0,6650.0,107224.0,186056.0
285490.KQ,노바텍,KOSDAQ,193450196992,,,,6.81,1.527,27800.0,10660.0,82057.0,101013.0
145170.KQ,노브랜드,KOSDAQ,67294826496,,,,,,10700.0,4005.0,21168.0,238053.0
106520.KQ,노블엠앤비,KOSDAQ,0,,,,,,411.0,411.0,,
376930.KQ,노을,KOSDAQ,95747350528,,,,,-0.468,4190.0,1810.0,1130675.0,3568398.0
486990.KQ,노타,KOSDAQ,723736264704,,,,,,65300.0,22400.0,1475855.0,9797819.0
142280.KQ,녹십자엠에스,KOSDAQ,87837384704,,,,,0.524,5150.0,3090.0,61800.0,88518.0
234690.KQ,녹십자웰빙,KOSDAQ,158819237888,,,,1.34,0.929,11530.0,7220.0,28068.0,69205.0
054050.KQ,농우바이오,KOSDAQ,127763570688,,,,2.76,0.65,9200.0,6950.0,27438.0,42325.0
069140.KQ,누리플랜,KOSDAQ,30007902208,,,,,0.707,3295.0,981.0,86668.0,226054.0
040160.KQ,누리플렉스,KOSDAQ,34176405504,,,,,0.9,5000.0,2265.0,71912.0,36714.0
332290.KQ,누보,KOSDAQ,38927077376,,,,,0.407,1905.0,876.0,297355.0,835618.0
348340.KQ,뉴로메카,KOSDAQ,320286818304,,,,,1.153,36900.0,19990.0,259642.0,232703.0
380550.KQ,뉴로핏,KOSDAQ,238701527040,,,,,,29400.0,10150.0,768999.0,3905645.0
060260.KQ,뉴보텍,KOSDAQ,16717972480,,,,,0.517,2160.0,944.0,86815.0,102286.0
463020.KQ,뉴엔AI,KOSDAQ,151390355456,,,,,,48950.0,16700.0,82120.0,467445.0
123840.KQ,뉴온,KOSDAQ,31669231616,,,,,0.168,2220.0,922.0,8322.0,45091.0
012340.KQ,뉴인텍,KOSDAQ,21518405632.0,,,,,,729.0,413.0,115083.0,137245.0
462310.KQ,뉴키즈온,KOSDAQ,45329784832.0,,,,,,16100.0,5700.0,51004.0,445611.0
270870.KQ,뉴트리,KOSDAQ,45783764992.0,,,,,0.992,8070.0,4510.0,28997.0,42420.0
144960.KQ,뉴파워프라즈마,KOSDAQ,196259053568.0,,,,1.03,0.665,6890.0,3990.0,421996.0,351050.0
085670.KQ,뉴프렉스,KOSDAQ,111982297088.0,,,,,,6250.0,3735.0,101699.0,291558.0
064260.KQ,다날,KOSDAQ,439497916416.0,,,,,0.81,11450.0,2420.0,1026094.0,8831899.0
340360.KQ,다보링크,KOSDAQ,53621325824.0,,,,,-0.047,2865.0,1100.0,240385.0,511096.0
039560.KQ,다산네트웍스,KOSDAQ,119865016320.0,,,,,0.954,4190.0,2360.0,197991.0,185348.0
154040.KQ,다산솔루에타,KOSDAQ,19727153152.0,,,,,0.745,1499.0,918.0,29333.0,60319.0
032190.KQ,다우데이타,KOSDAQ,630800973824.0,,,,2.73,1.789,20750.0,9550.0,66944.0,110656.0
323350.KQ,다원넥스뷰,KOSDAQ,46356484096.0,,,,,-0.13,8970.0,4050.0,13667.0,29776.0
068240.KQ,다원시스,KOSDAQ,123649531904.0,,,,,0.282,11490.0,3165.0,205564.0,567750.0
464580.KQ,닷밀,KOSDAQ,42043224064.0,,,,,,4380.0,2220.0,70032.0,567888.0
020400.KQ,대동금속,KOSDAQ,18784188416.0,,,,1.02,0.442,9540.0,5700.0,4903.0,5667.0
008830.KQ,대동기어,KOSDAQ,143800320000.0,,,,0.25,,28900.0,10840.0,254695.0,54113.0
048470.KQ,대동스틸,KOSDAQ,26130513920.0,,,,,,6100.0,2805.0,24273.0,48435.0
004780.KQ,대륙제관,KOSDAQ,55263617024.0,,,,3.45,0.441,4285.0,3400.0,18906.0,12757.0
017650.KQ,대림제지,KOSDAQ,60512100352.0,,,,,,8000.0,6130.0,5531.0,6979.0
389260.KQ,대명에너지,KOSDAQ,334856093696.0,,,,,1.669,34800.0,9870.0,20603.0,42947.0
317850.KQ,대모,KOSDAQ,55856857088.0,,,,0.6,-0.025,11280.0,6020.0,124376.0,48427.0
290670.KQ,대보마그네틱,KOSDAQ,104750039040.0,,,,,1.809,25350.0,9390.0,18839.0,18240.0
078140.KQ,대봉엘에스,KOSDAQ,131925434368.0,,,,,,17460.0,11060.0,10853.0,29076.0
065150.KQ,대산F&B,KOSDAQ,0.0,,,,,,145.0,145.0,,
036480.KQ,대성미생물,KOSDAQ,27284000768.0,,,,1.04,0.508,10570.0,6940.0,5964.0,7655.0
027830.KQ,대성창투,KOSDAQ,80568000512.0,,,,,,3155.0,1302.0,94832.0,160464.0
104040.KQ,대성파인텍,KOSDAQ,31635587072.0,,,,,,1500.0,665.0,157074.0,716460.0
129920.KQ,대성하이텍,KOSDAQ,49168465920.0,,,,,1.296,6660.0,2825.0,18675.0,34270.0
457630.KQ,대신밸런스제16호스팩,KOSDAQ,15314450432.0,,,,,-0.007,2180.0,2065.0,34297.0,31823.0
471050.KQ,대신밸런스제17호스팩,KOSDAQ,13210800128.0,,,,,,2245.0,2020.0,317.0,10065.0
478780.KQ,대신밸런스제18호스팩,KOSDAQ,22068899840.0,,,,,,3155.0,1981.0,101009.0,183629.0
482690.KQ,대신밸런스제19호스팩,KOSDAQ,12128400384.0,,,,,,2180.0,1983.0,2526.0,10076.0
020180.KQ,대신정보통신,KOSDAQ,38582632448.0,,,,,,2000.0,823.0,212812.0,340811.0
045390.KQ,대아티아이,KOSDAQ,271322497024.0,,,,,,6150.0,2580.0,574604.0,1010243.0
108380.KQ,대양전기공업,KOSDAQ,266297065472.0,,,,,,33850.0,11090.0,47514.0,134049.0
007680.KQ,대원,KOSDAQ,59868192768.0,,,,2.69,0.359,7150.0,3655.0,7933.0,11401.0
048910.KQ,대원미디어,KOSDAQ,98004598784.0,,,,,1.105,12680.0,6900.0,32478.0,56169.0
005710.KQ,대원산업,KOSDAQ,283932786688.0,,,,1.41,0.337,15000.0,5510.0,169213.0,76041.0
120240.KQ,대정화금,KOSDAQ,93179748352.0,,,,,,15680.0,11550.0,20542.0,13599.0
003310.KQ,대주산업,KOSDAQ,52628426752.0,,,,2.69,,3340.0,1302.0,77922.0,265778.0
078600.KQ,대주전자재료,KOSDAQ,1046091268096.0,,,,,,119800.0,63100.0,75704.0,129547.0
393970.KQ,대진첨단소재,KOSDAQ,58299469824.0,,,,,,19390.0,3935.0,389712.0,2143953.0
096350.KQ,대창솔루션,KOSDAQ,72765571072.0,,,,,,3355.0,1460.0,252651.0,925561.0
140520.KQ,대창스틸,KOSDAQ,45592924160.0,,,,6.94,0.625,2505.0,1920.0,5341.0,20509.0
131220.KQ,대한과학,KOSDAQ,36144123904.0,,,,1.24,1.466,6040.0,4080.0,29891.0,23657.0
010170.KQ,대한광통신,KOSDAQ,218036731904.0,,,,,1.176,3240.0,416.0,3755338.0,13346865.0
054670.KQ,대한뉴팜,KOSDAQ,93475020800.0,,,,1.5,0.431,8810.0,6180.0,10754.0,24887.0
023910.KQ,대한약품,KOSDAQ,176987996160.0,,,,2.99,0.236,33950.0,24750.0,13988.0,14857.0
021040.KQ,대호특수강,KOSDAQ,26270513152.0,,,,,,2645.0,869.0,23378.0,887681.0
021045.KQ,대호특수강우,KOSDAQ,54671437824.0,,,,,,6690.0,2450.0,1985.0,26085.0
067080.KQ,대화제약,KOSDAQ,285521379328.0,,,,0.92,-0.165,19080.0,9960.0,105322.0,345964.0
298540.KQ,더네이쳐홀딩스,KOSDAQ,130377474048.0,,,,5.56,0.302,13330.0,8560.0,39695.0,22414.0
032860.KQ,더라미,KOSDAQ,57613647872.0,,,,,0.872,1915.0,1074.0,84523.0,426636.0
393890.KQ,더블유씨피,KOSDAQ,236225150976.0,,,,,1.255,13490.0,6270.0,181429.0,368183.0
299170.KQ,더블유에스아이,KOSDAQ,68509097984.0,,,,,-0.011,2705.0,1086.0,918854.0,3091076.0
462860.KQ,더즌,KOSDAQ,262369558528.0,,,,0.55,,6800.0,2063.3333,247483.0,1629055.0
224060.KQ,더코디,KOSDAQ,13398291456.0,,,,,0.351,5090.0,2480.0,17658.0,21858.0
043090.KQ,더테크놀로지,KOSDAQ,4618560000.0,,,,,,2147.5706,344.0,0.0,0.0
403850.KQ,더핑크퐁컴퍼니,KOSDAQ,461802405888.0,,,,,,61500.0,32050.0,1446394.0,7307314.0
213420.KQ,덕산네오룩스,KOSDAQ,883036848128.0,,,,,0.38,51700.0,22450.0,161798.0,243499.0
317330.KQ,덕산테코피아,KOSDAQ,361554509824.0,,,,,0.713,39700.0,14840.0,118249.0,197158.0
077360.KQ,덕산하이메탈,KOSDAQ,236272402432.0,,,,,,7970.0,3160.0,830069.0,1746694.0
090410.KQ,덕신이피씨,KOSDAQ,57144205312.0,,,,1.61,1.117,2110.0,1168.0,89321.0,163782.0
263600.KQ,덕우전자,KOSDAQ,61411344384.0,,,,,0.878,5960.0,3755.0,17007.0,36769.0
194480.KQ,데브시스터즈,KOSDAQ,339359760384.0,,,,,0.237,58200.0,26950.0,60456.0,69813.0
373160.KQ,데이원컴퍼니,KOSDAQ,76800499712.0,,,,,,11000.0,4850.0,20584.0,61947.0
263800.KQ,데이타솔루션,KOSDAQ,79556059136.0,,,,,0.636,7430.0,3820.0,192477.0,733485.0
206560.KQ,덱스터,KOSDAQ,109424820224.0,,,,,0.977,11150.0,4325.0,29039.0,62772.0
261200.KQ,덴티스,KOSDAQ,67902660608.0,,,,,0.985,8430.0,4260.0,24023.0,65130.0
484120.KQ,도우인시스,KOSDAQ,227511009280.0,,,,,,59000.0,20950.0,32508.0,52003.0
067990.KQ,도이치모터스,KOSDAQ,137019359232.0,,,,7.92,0.449,5170.0,4150.0,83465.0,81422.0
006620.KQ,동구바이오제약,KOSDAQ,150894968832.0,,,,,,6390.0,4300.0,224596.0,581931.0
100130.KQ,동국S&C,KOSDAQ,112024788992.0,,,,,,3090.0,1966.0,42285.0,135588.0
005160.KQ,동국산업,KOSDAQ,144268361728.0,,,,4.64,0.71,5700.0,2745.0,39079.0,157923.0
303810.KQ,동국생명과학,KOSDAQ,115462742016.0,,,,,,8375.0,3545.0,228816.0,178815.0
075970.KQ,동국알앤에스,KOSDAQ,41768001536.0,,,,,,3250.0,2160.0,57972.0,522102.0
086450.KQ,동국제약,KOSDAQ,810155048960.0,,,,,,20450.0,14400.0,226942.0,254484.0
240550.KQ,동방메디컬,KOSDAQ,,,,,,,15490.0,8060.0,57141.0,135331.0
099410.KQ,동방선기,KOSDAQ,65685917696.0,,,,,,7340.0,2570.0,205768.0,2449816.0
033500.KQ,동성화인텍,KOSDAQ,793227886592.0,,,,,,34300.0,12750.0,230176.0,327927.0
025950.KQ,동신건설,KOSDAQ,117347999744.0,,,,,,79100.0,13630.0,5875.0,33378.0
088130.KQ,동아엘텍,KOSDAQ,66619047936.0,,,,,,4680.0,2720.0,76080.0,213058.0
041930.KQ,동아화성,KOSDAQ,84304961536.0,,,,2.6,1.568,8640.0,4655.0,59566.0,136333.0
060380.KQ,동양에스텍,KOSDAQ,28949999616.0,,,,,,2410.0,1200.0,28590.0,635180.0
079960.KQ,동양이엔피,KOSDAQ,186525958144.0,,,,,,27950.0,17440.0,54343.0,35195.0
228340.KQ,동양파일,KOSDAQ,31700000768.0,,,,,0.856,2200.0,1557.0,26107.0,26781.0
088910.KQ,동우팜투테이블,KOSDAQ,52601008128.0,,,,,0.33,2345.0,1800.0,18521.0,26815.0
094170.KQ,동운아나텍,KOSDAQ,422372245504.0,,,,0.33,1.368,23950.0,14672.728,83516.0,123199.0
013120.KQ,동원개발,KOSDAQ,234284892160.0,,,,3.1,0.458,3620.0,2150.0,25877.0,66962.0
109860.KQ,동일금속,KOSDAQ,64797663232.0,,,,,,9640.0,7510.0,187.0,2574.0
032960.KQ,동일기연,KOSDAQ,51225665536.0,,,,0.32,0.679,18970.0,9468.599,3581.0,54170.0
023790.KQ,동일스틸럭스,KOSDAQ,37227429888.0,,,,,,4400.0,663.0,514006.0,4149829.0
005290.KQ,동진쎄미켐,KOSDAQ,1624698126336.0,,,,1.9,1.23,47250.0,20200.0,314435.0,560490.0
025900.KQ,동화기업,KOSDAQ,397489995776.0,,,,,0.431,14880.0,7700.0,46559.0,95297.0
131970.KQ,두산테스나,KOSDAQ,787817889792.0,,,,,,55400.0,22050.0,214496.0,352940.0
073190.KQ,듀오백,KOSDAQ,17712564224.0,,,,,0.913,4105.0,1520.0,5037.0,37551.0
176750.KQ,듀켐바이오,KOSDAQ,266156851200.0,,,,,0.01,16760.0,7070.0,24334.0,47540.0
030350.KQ,드래곤플라이,KOSDAQ,13497395200.0,,,,,,1700.0,859.0,0.0,0.0
203650.KQ,드림시큐리티,KOSDAQ,154638319616.0,,,,,0.754,2215.0,1415.0,320211.0,1092568.0
223250.KQ,드림씨아이에스,KOSDAQ,104717025280.0,,,,,0.405,5500.0,2435.0,305837.0,533016.0
060570.KQ,드림어스컴퍼니,KOSDAQ,117834104832.0,,,,,0.718,2450.0,1380.0,53824.0,141708.0
362990.KQ,드림인사이트,KOSDAQ,29022003200,,,,1.13,-0.029,2840.0,1570.0,753521.0,139215.0
016670.KQ,디모아,KOSDAQ,24775518208,,,,,,8960.0,3265.0,7640.0,33297.0
187870.KQ,디바이스,KOSDAQ,93312679936,,,,1.42,1.254,15300.0,9660.0,30085.0,29958.0
489730.KQ,디비금융제13호스팩,KOSDAQ,12917279744,,,,,,4500.0,1925.0,8387.0,9608.0
0004Y0.KQ,디비금융제14호스팩,KOSDAQ,10614054912,,,,,,2270.0,1982.0,38415.0,16623.0
110990.KQ,디아이티,KOSDAQ,243651330048,,,,2.88,1.163,19470.0,9700.0,208704.0,209956.0
263690.KQ,디알젬,KOSDAQ,59271606272,,,,2.94,0.422,7300.0,4990.0,12214.0,114341.0
214680.KQ,디알텍,KOSDAQ,140612632576,,,,,0.043,2680.0,1560.0,364322.0,501283.0
347850.KQ,디앤디파마텍,KOSDAQ,4095003590656,,,,,,342500.0,33550.0,1960200.0,810224.0
263720.KQ,디앤씨미디어,KOSDAQ,159129419776,,,,,0.971,24450.0,12620.0,25404.0,30020.0
376300.KQ,디어유,KOSDAQ,758442098688,,,,0.67,0.95,63200.0,29250.0,52512.0,190065.0
109740.KQ,디에스케이,KOSDAQ,187830927360,,,,,,9280.0,3600.0,66418.0,122014.0
031860.KQ,디에이치엑스컴퍼니,KOSDAQ,12377571328,,,,,0.608,1899.0,685.0,57474.0,431262.0
196490.KQ,디에이테크놀로지,KOSDAQ,0,,,,,,203.0,203.0,,
066900.KQ,디에이피,KOSDAQ,31734071296,,,,,,3260.0,1760.0,9582.0,141025.0
092070.KQ,디엔에프,KOSDAQ,147769901056,,,,,,17600.0,7470.0,49510.0,75860.0
039840.KQ,디오,KOSDAQ,221489364992,,,,,0.705,21200.0,15130.0,24215.0,31261.0
219550.KQ,디와이디,KOSDAQ,1251106048,,,,,1.077,19900.0,200.0,0.0,130514.0
310870.KQ,디와이씨,KOSDAQ,25919918080,,,,1.6,0.46,1946.0,1153.0,33080.0,140642.0
104460.KQ,디와이피엔에프,KOSDAQ,129305231360,,,,,,21000.0,10640.0,31159.0,34971.0
079810.KQ,디이엔티,KOSDAQ,112147873792,,,,,,8300.0,4580.0,90293.0,108263.0
113810.KQ,디젠스,KOSDAQ,26852886528,,,,2.43,0.205,2600.0,549.0,198823.0,2037242.0
043360.KQ,디지아이,KOSDAQ,18281836544,,,,,,2860.0,1650.0,7352.0,17304.0
197140.KQ,디지캡,KOSDAQ,25992308736,,,,,0.641,2820.0,1829.0,5584.0,13481.0
068930.KQ,디지털대성,KOSDAQ,199147356160,,,,6.58,,8570.0,6450.0,48796.0,55664.0
033130.KQ,디지틀조선,KOSDAQ,56229629952,,,,,,1964.0,1358.0,92741.0,106437.0
105740.KQ,디케이락,KOSDAQ,94467661824,,,,2.62,0.678,11540.0,6020.0,147056.0,286974.0
263020.KQ,디케이앤디,KOSDAQ,44377534464,,,,1.56,0.836,3410.0,2765.0,72505.0,89986.0
290550.KQ,디케이티,KOSDAQ,136608399360,,,,,0.511,9570.0,5990.0,94874.0,262818.0
066670.KQ,디티씨,KOSDAQ,42305122304,,,,,,3570.0,2470.0,29929.0,129880.0
187220.KQ,디티앤씨,KOSDAQ,29619077120,,,,,0.649,4430.0,2475.0,31364.0,140338.0
383930.KQ,디티앤씨알오,KOSDAQ,44233080832,,,,,2.978,9370.0,2600.0,253011.0,61984.0
131180.KQ,딜리,KOSDAQ,25813993472,,,,,,1100.0,770.0,3984.0,35799.0
315640.KQ,딥노이드,KOSDAQ,90241703936,,,,,0.634,9090.0,3690.0,35201.0,133052.0
317120.KQ,라닉스,KOSDAQ,18324418560,,,,,0.82,5360.0,1491.0,153507.0,2303327.0
462510.KQ,라메디텍,KOSDAQ,58502336512,,,,,,9980.0,6490.0,45799.0,274112.0
042510.KQ,라온시큐어,KOSDAQ,102547308544,,,,,0.872,13810.0,1650.0,36176.0,85023.0
232680.KQ,라온테크,KOSDAQ,87028097024,,,,0.68,0.835,11760.0,5680.0,41272.0,167609.0
418420.KQ,라온텍,KOSDAQ,114537611264,,,,,0.048,7120.0,2270.0,78914.0,346736.0
300120.KQ,라온피플,KOSDAQ,56634933248,,,,,1.036,5500.0,2550.0,83263.0,56317.0
171120.KQ,라이온켐텍,KOSDAQ,73415057408,,,,4.81,0.252,3250.0,2015.0,19386.0,49523.0
388790.KQ,라이콤,KOSDAQ,71197499392,,,,,0.421,3630.0,2020.0,110716.0,490636.0
214260.KQ,라파스,KOSDAQ,105105784832,,,,,1.122,21500.0,12470.0,11964.0,35319.0
171010.KQ,램테크놀러지,KOSDAQ,51046543360,,,,,0.757,6310.0,2525.0,118494.0,182381.0
084650.KQ,랩지노믹스,KOSDAQ,160358383616,,,,,,3915.0,1991.0,851624.0,798880.0
217500.KQ,러셀,KOSDAQ,52939370496,,,,1.64,1.126,2615.0,1282.0,47719.0,1539139.0
038390.KQ,레드캡투어,KOSDAQ,196804067328,,,,,,14600.0,8400.0,46768.0,34771.0
294140.KQ,레몬,KOSDAQ,152208556032,,,,,0.99,8700.0,2660.0,93603.0,157578.0
443250.KQ,레뷰코퍼레이션,KOSDAQ,110374535168,,,,5.36,0.187,16200.0,8700.0,8446.0,18493.0
228670.KQ,레이,KOSDAQ,69498478592,,,,,0.909,9600.0,4160.0,119637.0,93208.0
228850.KQ,레이언스,KOSDAQ,86235693056,,,,1.82,,7570.0,5240.0,7318.0,11756.0
412350.KQ,레이저쎌,KOSDAQ,23145224192,,,,,,5410.0,1920.0,6190553.0,273302.0
199550.KQ,레이저옵텍,KOSDAQ,72113537024,,,,,-0.663,12550.0,4660.0,58155.0,140152.0
281740.KQ,레이크머티리얼즈,KOSDAQ,830176362496,,,,0.4,1.228,20400.0,9790.0,189139.0,368534.0
277810.KQ,레인보우로보틱스,KOSDAQ,7090648121344,,,,,1.737,509000.0,122900.0,122649.0,300600.0
215100.KQ,로보로보,KOSDAQ,145439965184,,,,,0.687,11580.0,3165.0,504255.0,5353421.0
090360.KQ,로보스타,KOSDAQ,618149969920,,,,,2.374,108000.0,17880.0,355497.0,1506898.0
108490.KQ,로보티즈,KOSDAQ,2572608077824,,,,,1.751,294500.0,17980.0,477026.0,1777224.0
900260.KQ,로스웰,KOSDAQ,33453805568,,,,,0.461,1286.0,477.0,96110.0,90433.0
067730.KQ,로지시스,KOSDAQ,25684262912,,,,4.52,0.584,3975.0,2445.0,12160.0,18818.0
071280.KQ,로체시스템즈,KOSDAQ,138868604928,,,,0.54,,21750.0,9100.0,89365.0,93509.0
376900.KQ,로킷헬스케어,KOSDAQ,997340086272,,,,,,69400.0,13740.0,4005294.0,1898575.0
214610.KQ,롤링스톤,KOSDAQ,17719564288,,,,,0.235,19970.0,3250.0,24393.0,39092.0
328130.KQ,루닛,KOSDAQ,998384664576,,,,,1.316,85800.0,34150.0,164113.0,283064.0
038060.KQ,루멘스,KOSDAQ,31651819520,,,,,,1179.0,610.0,43931.0,96597.0
474170.KQ,루미르,KOSDAQ,142176124928,,,,,,13380.0,7110.0,125633.0,524516.0
141080.KQ,리가켐바이오,KOSDAQ,6488594055168,,,,,0.808,183100.0,89500.0,393072.0,440668.0
058470.KQ,리노공업,KOSDAQ,4128720551936,,,,1.1,1.444,60300.0,30280.0,539937.0,537315.0
016100.KQ,리더스코스메틱,KOSDAQ,40155463680,,,,,0.244,3105.0,2135.0,9893.0,26293.0
012700.KQ,리드코프,KOSDAQ,95468797952,,,,2.68,0.366,6730.0,3620.0,19151.0,57728.0
302550.KQ,리메드,KOSDAQ,96894656512,,,,,0.742,4595.0,2980.0,53871.0,639325.0
073570.KQ,리튬포어스,KOSDAQ,52943577088,,,,,-2.143,2130.0,651.0,202210.0,1379757.0
377450.KQ,리파인,KOSDAQ,182012379136,,,,,0.75,19020.0,10300.0,25136.0,67815.0
277070.KQ,린드먼아시아,KOSDAQ,59799805952,,,,,,7200.0,3180.0,13517.0,34313.0
042500.KQ,링네트,KOSDAQ,74492485632,,,,5.13,1.025,4533.3335,3320.8333,56116.0,100446.0
193250.KQ,링크드,KOSDAQ,26089230336,,,,,0.611,1118.0,380.0,226434.0,268440.0
474650.KQ,링크솔루션,KOSDAQ,168486764544,,,,,,37600.0,16630.0,152117.0,235313.0
219420.KQ,링크제니시스,KOSDAQ,53234999296,,,,,0.627,8350.0,4490.0,38695.0,67420.0
439090.KQ,마녀공장,KOSDAQ,248785764352,,,,,-1.171,22200.0,13200.0,250703.0,50825.0
195500.KQ,마니커에프앤지,KOSDAQ,44338950144,,,,,0.31,4150.0,2450.0,18603.0,60318.0
377480.KQ,마음AI,KOSDAQ,145735827456,,,,,0.806,28900.0,12750.0,79506.0,141007.0
305090.KQ,마이크로디지탈,KOSDAQ,127725666304,,,,,1.369,13630.0,6670.0,64282.0,150615.0
098120.KQ,마이크로컨텍솔,KOSDAQ,142896447488,,,,,,29800.0,4245.0,149241.0,175747.0
424980.KQ,마이크로투나노,KOSDAQ,49422733312,,,,,2.127,11920.0,4445.0,50468.0,94910.0
038290.KQ,마크로젠,KOSDAQ,166849150976,,,,,,18290.0,14700.0,23519.0,21659.0
267980.KQ,매일유업,KOSDAQ,258492481536,,,,3.51,0.149,39900.0,31700.0,7114.0,5235.0
005990.KQ,매일홀딩스,KOSDAQ,135248510976,,,,2.28,0.393,11840.0,8310.0,4735.0,6162.0
093520.KQ,매커스,KOSDAQ,183797481472,,,,,,29550.0,6810.0,54401.0,156715.0
100590.KQ,머큐리,KOSDAQ,50264219648,,,,,0.397,4680.0,3020.0,69685.0,212435.0
067280.KQ,멀티캠퍼스,KOSDAQ,192620314624,,,,,,37000.0,28050.0,1771.0,5436.0
072870.KQ,메가스터디,KOSDAQ,130382028800,,,,,,11760.0,9880.0,7954.0,12683.0
215200.KQ,메가스터디교육,KOSDAQ,445226549248,,,,3.57,-0.289,54800.0,36900.0,11965.0,20796.0
133750.KQ,메가엠디,KOSDAQ,39977795584,,,,3.31,0.653,3130.0,1749.0,48406.0,51674.0
446540.KQ,메가터치,KOSDAQ,70621396992,,,,,0.544,5090.0,2725.0,81376.0,191182.0
235980.KQ,메드팩토,KOSDAQ,275914719232,,,,,,8650.0,2750.0,2247481.0,935531.0
041920.KQ,메디아나,KOSDAQ,100558766080,,,,,,6670.0,4110.0,64199.0,44565.0
014100.KQ,메디앙스,KOSDAQ,19358121984,,,,,0.206,3650.0,1675.0,27885.0,25893.0
054180.KQ,메디콕스,KOSDAQ,12685637632,,,,,-0.411,6191.904,153.0,0.0,0.0
086900.KQ,메디톡스,KOSDAQ,802607595520,,,,3.93,0.288,182700.0,112100.0,27160.0,34638.0
078160.KQ,메디포스트,KOSDAQ,533986967552,,,,,,17650.0,7490.0,57178.0,138785.0
408920.KQ,메쎄이상,KOSDAQ,132212989952,,,,3.22,-0.636,3800.0,1964.0,59055.0,174898.0
021880.KQ,메이슨캐피탈,KOSDAQ,47277367296,,,,,,610.0,212.0,437434.0,484419.0
140410.KQ,메지온,KOSDAQ,2119979106304,,,,,,74300.0,25450.0,112340.0,174771.0
241770.KQ,메카로,KOSDAQ,212774043648,,,,0.69,1.193,28750.0,7380.0,42476.0,84387.0
059210.KQ,메타바이오메드,KOSDAQ,132659970048,,,,,,6600.0,3210.0,396677.0,500271.0
058110.KQ,멕아이씨에스,KOSDAQ,30995060736,,,,,,3445.0,1675.0,239536.0,121444.0
434480.KQ,모니터랩,KOSDAQ,47876263936,,,,,,6140.0,2780.0,47644.0,890191.0
080420.KQ,모다이노칩,KOSDAQ,132567212032,,,,,0.163,2460.0,1616.0,11663.0,12969.0
417970.KQ,모델솔루션,KOSDAQ,121153495040,,,,1.11,0.684,24200.0,7660.0,115303.0,334481.0
080160.KQ,모두투어,KOSDAQ,185414598656,,,,,,13950.0,9210.0,147818.0,126560.0
087260.KQ,모바일어플라이언스,KOSDAQ,54428381184,,,,,0.23,2650.0,1640.0,94722.0,330843.0
101330.KQ,모베이스,KOSDAQ,66682781696,,,,,,3665.0,2415.0,31209.0,76810.0
012860.KQ,모베이스전자,KOSDAQ,95865110528,,,,,0.975,1797.0,1262.0,76114.0,123221.0
363260.KQ,모비데이즈,KOSDAQ,49607548928,,,,,1.285,2885.0,1404.0,222482.0,1408578.0
348030.KQ,모비릭스,KOSDAQ,33901414400,,,,,0.487,5460.0,3530.0,3291.0,9122.0
250060.KQ,모비스,KOSDAQ,85140103168,,,,,0.164,3305.0,2100.0,462118.0,1869149.0
288980.KQ,모아데이타,KOSDAQ,32828731392,,,,,0.522,1666.0,910.0,186735.0,443400.0
142760.KQ,모아라이프플러스,KOSDAQ,64998313984,,,,,1.375,2250.0,999.0,407675.0,277265.0
033200.KQ,모아텍,KOSDAQ,28534040576,,,,,0.531,4575.0,2535.0,5395.0,24259.0
333050.KQ,모코엠시스,KOSDAQ,31836782592,,,,1.16,0.248,1996.0,1200.0,110670.0,1034949.0
118990.KQ,모트렉스,KOSDAQ,185147932672,,,,1.79,0.48,11750.0,7060.0,21979.0,49519.0
463480.KQ,모티브링크,KOSDAQ,100485799936,,,,,,22850.0,8110.0,106506.0,325067.0
006920.KQ,모헨즈,KOSDAQ,29996890112,,,,,,5490.0,2320.0,42812.0,96147.0
001810.KQ,무림SP,KOSDAQ,32918462464,,,,0.67,0.898,1879.0,1340.0,21926.0,61708.0
279600.KQ,미디어젠,KOSDAQ,33261944832,,,,,0.848,13990.0,6900.0,3630.0,7906.0
095500.KQ,미래나노텍,KOSDAQ,347561689088,,,,,,14160.0,6950.0,567311.0,576901.0
254490.KQ,미래반도체,KOSDAQ,211949846528,,,,,1.877,20350.0,9100.0,40052.0,160436.0
218150.KQ,미래생명자원,KOSDAQ,60046348288,,,,,0.339,4760.0,2965.0,37230.0,241882.0
100790.KQ,미래에셋벤처투자,KOSDAQ,410090831872,,,,,,8900.0,4170.0,190903.0,265078.0
448830.KQ,미래에셋비전스팩3호,KOSDAQ,10651799552,,,,,,2670.0,2025.0,166302.0,187709.0
477380.KQ,미래에셋비전스팩4호,KOSDAQ,16645499904,,,,,,2100.0,1942.0,2597.0,13669.0
477470.KQ,미래에셋비전스팩5호,KOSDAQ,11562800128,,,,,,2147.0,1900.0,29106.0,5758.0
478440.KQ,미래에셋비전스팩6호,KOSDAQ,13998600192,,,,,,2060.0,1955.0,4152.0,10314.0
482680.KQ,미래에셋비전스팩7호,KOSDAQ,16512149504,,,,,,2025.0,1944.0,10460.0,19099.0
049950.KQ,미래컴퍼니,KOSDAQ,115570253824,,,,,,26100.0,13390.0,188193.0,78764.0
207760.KQ,미스터블루,KOSDAQ,118714925056,,,,,1.5,2235.0,845.0,646517.0,2951685.0
059090.KQ,미코,KOSDAQ,413858693120,,,,,1.074,17620.0,6980.0,368014.0,799573.0
201490.KQ,미투온,KOSDAQ,122472071168,,,,,1.153,8240.0,1610.0,642673.0,2706710.0
475460.KQ,미트박스,KOSDAQ,46582951936,,,,,,20500.0,7900.0,34618.0,84821.0
452200.KQ,민테크,KOSDAQ,59147468800,,,,,,5500.0,2515.0,55299.0,237000.0
206640.KQ,바디텍메드,KOSDAQ,284489023488,,,,1.15,0.118,18670.0,12940.0,39456.0,59779.0
018700.KQ,바른손,KOSDAQ,31432370176,,,,,,1585.0,738.0,42517.0,92993.0
035620.KQ,바른손이앤에이,KOSDAQ,29558358016,,,,,0.834,590.0,343.0,278375.0,203187.0
053030.KQ,바이넥스,KOSDAQ,440134893568,,,,,,23250.0,12800.0,204506.0,322677.0
301300.KQ,바이브컴퍼니,KOSDAQ,45174685696,,,,,1.459,7320.0,3300.0,35550.0,33352.0
064550.KQ,바이오니아,KOSDAQ,336824303616,,,,,,20850.0,12910.0,117665.0,94424.0
314930.KQ,바이오다인,KOSDAQ,407074045952,,,,,1.598,18430.0,10870.0,55416.0,103054.0
489460.KQ,바이오비쥬,KOSDAQ,177825169408,,,,,,26500.0,11390.0,73216.0,161746.0
086820.KQ,바이오솔루션,KOSDAQ,196183851008,,,,,1.684,13200.0,5180.0,40950.0,74730.0
038460.KQ,바이오스마트,KOSDAQ,68114890752,,,,,,4595.0,2625.0,61477.0,84775.0
251120.KQ,바이오에프디엔씨,KOSDAQ,136463187968,,,,,0.647,23100.0,12230.0,21085.0,39102.0
199730.KQ,바이오인프라,KOSDAQ,22230157312,,,,8.75,0.708,8530.0,4535.0,14766.0,10159.0
086040.KQ,바이오톡스텍,KOSDAQ,42446131200,,,,,,4250.0,2585.0,16286.0,38745.0
188040.KQ,바이오포트,KOSDAQ,33968855040,,,,,-0.105,21500.0,7640.0,17938.0,47251.0
099430.KQ,바이오플러스,KOSDAQ,330265034752,,,,0.89,0.526,8420.0,4985.0,361164.0,615937.0
032980.KQ,바이온,KOSDAQ,6759818240,,,,,0.952,977.0,196.0,0.0,0.0
308080.KQ,바이젠셀,KOSDAQ,64005681152,,,,,1.048,4485.0,2305.0,33207.0,82020.0
043150.KQ,바텍,KOSDAQ,295599702016,,,,,,24400.0,18500.0,34973.0,35060.0
323990.KQ,박셀바이오,KOSDAQ,223164547072,,,,,3.721,13700.0,6970.0,59610.0,129065.0
267790.KQ,배럴,KOSDAQ,27604619264,,,,1.39,0.942,5330.0,3395.0,15671.0,17239.0
046310.KQ,백금T&A,KOSDAQ,50175975424,,,,,,3180.0,1996.0,63359.0,61738.0
331520.KQ,밸로프,KOSDAQ,27619915776,,,,,,1194.0,531.0,84932.0,183676.0
199480.KQ,뱅크웨어글로벌,KOSDAQ,64549466112,,,,,,10710.0,3970.0,149173.0,825098.0
438700.KQ,버넥트,KOSDAQ,35162128384,,,,,,7340.0,2425.0,43682.0,87631.0
066410.KQ,버킷스튜디오,KOSDAQ,0,,,,,,1153.0,0.0,,
382900.KQ,범한퓨얼셀,KOSDAQ,248463376384,,,,,,44200.0,11300.0,187467.0,944408.0
206400.KQ,베노티앤알,KOSDAQ,69241864192,,,,,-0.257,3800.0,1400.0,176125.0,244431.0
019010.KQ,베뉴지,KOSDAQ,98088001536,,,,,,2530.0,1985.0,427726.0,28931.0
177350.KQ,베셀,KOSDAQ,21752174592,,,,,1.309,1871.0,181.0,76534.0,1955866.0
457600.KQ,벡트,KOSDAQ,31732862976,,,,,,10640.0,2125.0,364359.0,85688.0
424760.KQ,벨로크,KOSDAQ,25231069184,,,,,,1720.0,673.0,228009.0,685218.0
250000.KQ,보라티알,KOSDAQ,55406284800,,,,2.96,0.858,11140.0,8020.0,6100.0,9183.0
310210.KQ,보로노이,KOSDAQ,4227184721920,,,,,2.002,244500.0,68000.0,93015.0,135438.0
006910.KQ,보성파워텍,KOSDAQ,241713332224,,,,,,6230.0,2100.0,1688584.0,6189902.0
226340.KQ,본느,KOSDAQ,31170617344,,,,,0.908,1543.0,685.0,17401950.0,581019.0
014470.KQ,부방,KOSDAQ,73737740288,,,,,,2810.0,1330.0,86499.0,94136.0
008470.KQ,부스타,KOSDAQ,31882743808,,,,1.27,0.385,4300.0,3140.0,4223.0,8698.0
338220.KQ,뷰노,KOSDAQ,305239752704,,,,,1.519,29650.0,15490.0,64508.0,139801.0
100120.KQ,뷰웍스,KOSDAQ,170905387008,,,,3.15,0.308,25300.0,18010.0,22880.0,40644.0
406820.KQ,뷰티스킨,KOSDAQ,41003982848,,,,,-0.028,15290.0,9280.0,9593.0,9099.0
099390.KQ,브레인즈컴퍼니,KOSDAQ,39211307008,,,,,,6830.0,4620.0,4329.0,25990.0
064480.KQ,브리지텍,KOSDAQ,52852469760,,,,2.19,0.63,7040.0,4420.0,42886.0,41278.0
365900.KQ,브이씨,KOSDAQ,19884015616,,,,,,4320.0,2465.0,20153.0,35065.0
089970.KQ,브이엠,KOSDAQ,522623287296,,,,,1.513,28450.0,5500.0,467128.0,571231.0
251630.KQ,브이원텍,KOSDAQ,71352868864,,,,2.14,1.081,6710.0,3400.0,14659.0,117347.0
018290.KQ,브이티,KOSDAQ,709850562560,,,,,0.043,45550.0,19800.0,338423.0,446474.0
478560.KQ,블랙야크아이앤씨,KOSDAQ,96978444288,,,,8.25,,6780.0,3195.0,30284.0,45590.0
439580.KQ,블루엠텍,KOSDAQ,147614482432,,,,,,9330.0,2953.3333,415210.0,1699427.0
033560.KQ,블루콤,KOSDAQ,46890123264,,,,,0.076,4080.0,2750.0,20583.0,36059.0
369370.KQ,블리츠웨이엔터테인먼트,KOSDAQ,67220525056,,,,,0.746,2120.0,1190.0,55249.0,51799.0
126340.KQ,비나텍,KOSDAQ,328156774400,,,,,,64100.0,21000.0,158972.0,202361.0
121800.KQ,비덴트,KOSDAQ,0,,,,,,3320.0,3320.0,,
082800.KQ,비보존 제약,KOSDAQ,216283496448,,,,,,13600.0,4110.0,314226.0,514209.0
318410.KQ,비비씨,KOSDAQ,43386445824,,,,5.12,0.575,10670.0,7120.0,12217.0,20207.0
419540.KQ,비스토스,KOSDAQ,39124664320,,,,,,2300.0,1202.0,149425.0,1214019.0
146320.KQ,비씨엔씨,KOSDAQ,150627975168,,,,,0.71,16140.0,7080.0,47346.0,109262.0
200780.KQ,비씨월드제약,KOSDAQ,42288664576,,,,2.2,0.857,5620.0,3536.3635,10996.0,11579.0
413640.KQ,비아이매트릭스,KOSDAQ,69797314560,,,,,-1.376,24000.0,7280.0,53269.0,76450.0
141000.KQ,비아트론,KOSDAQ,76023726080,,,,,,9120.0,6100.0,32374.0,25722.0
083650.KQ,비에이치아이,KOSDAQ,1327417524224,,,,,,61900.0,12500.0,685333.0,1163967.0
473370.KQ,비엔케이제2호스팩,KOSDAQ,8504200192.0,,,,,,2040.0,0.0,0.0,471.0
0068Y0.KQ,비엔케이제3호스팩,KOSDAQ,9050999808.0,,,,,,7700.0,2000.0,74610989.0,24811980.0
065170.KQ,비엘팜텍,KOSDAQ,16487595008.0,,,,,0.52,2890.0,586.6667,76154.0,134621.0
086670.KQ,비엠티,KOSDAQ,118329376768.0,,,,,,13750.0,6900.0,21833.0,49294.0
335890.KQ,비올,KOSDAQ,721786765312.0,,,,0.16,1.121,27500.0,6380.0,0.0,193508.0
230980.KQ,비유테크놀러지,KOSDAQ,0.0,,,,,,229.0,229.0,,
488900.KQ,비츠로넥스텍,KOSDAQ,,,,,,,20500.0,6900.0,48864829.0,16288273.0
082920.KQ,비츠로셀,KOSDAQ,589765672960.0,,,,,,34500.0,18170.0,48027.0,106984.0
054220.KQ,비츠로시스,KOSDAQ,22482405376.0,,,,,,550.0,309.0,413163.0,2045683.0
042370.KQ,비츠로테크,KOSDAQ,207504195584.0,,,,0.63,0.983,10980.0,6000.0,598932.0,305449.0
050090.KQ,비케이홀딩스,KOSDAQ,18578755584.0,,,,,,1427.0,515.0,630570.0,349826.0
148780.KQ,비큐AI,KOSDAQ,43206426624.0,,,,,1.397,3165.0,897.0,180502.0,433206.0
307870.KQ,비투엔,KOSDAQ,79532777472.0,,,,,0.705,1948.0,650.0,540941.0,510959.0
377030.KQ,비트맥스,KOSDAQ,78371725312.0,,,,,1.9,7420.0,1160.0,252852.0,348573.0
032850.KQ,비트컴퓨터,KOSDAQ,74981392384.0,,,,1.32,,5970.0,4405.0,48182.0,68971.0
049470.KQ,비트플래닛,KOSDAQ,79716982784.0,,,,,,3970.0,251.0,756657.0,2679219.0
238200.KQ,비피도,KOSDAQ,26216900608.0,,,,,1.199,4390.0,2750.0,9422.0,19477.0
093190.KQ,빅솔론,KOSDAQ,85159493632.0,,,,,,6380.0,3990.0,2692.0,6218.0
065450.KQ,빅텍,KOSDAQ,102577020928.0,,,,0.84,,5290.0,3530.0,159911.0,246327.0
044480.KQ,빌리언스,KOSDAQ,15637536768.0,,,,,0.728,714.0,283.0,1033835.0,9882628.0
069540.KQ,빛과전자,KOSDAQ,37055512576.0,,,,,0.662,1584.0,666.0,368934.0,2567456.0
072950.KQ,빛샘전자,KOSDAQ,48384167936.0,,,,1.16,0.508,7300.0,3135.0,225917.0,301366.0
451250.KQ,삐아,KOSDAQ,101340422144.0,,,,1.43,,13500.0,8010.0,1714134.0,148780.0
143240.KQ,사람인,KOSDAQ,141102940160.0,,,,3.72,0.135,19120.0,12650.0,20934.0,30760.0
466410.KQ,사이냅소프트,KOSDAQ,56384897024.0,,,,,,24400.0,11310.0,23084.0,31771.0
223310.KQ,사토시홀딩스,KOSDAQ,47609114624.0,,,,,0.26,7000.0,1765.0,73667.0,439114.0
452430.KQ,사피엔반도체,KOSDAQ,205302022144.0,,,,,0.954,33800.0,9270.0,39068.0,71970.0
419120.KQ,산돌,KOSDAQ,61750255616.0,,,,2.13,-0.445,9975.0,2555.0,103620.0,465148.0
122350.KQ,삼기,KOSDAQ,46275149824.0,,,,,0.667,1622.0,1009.0,53648.0,214479.0
419050.KQ,삼기에너지솔루션즈,KOSDAQ,106270613504.0,,,,,,2615.0,1467.0,142179.0,953068.0
014970.KQ,삼륭물산,KOSDAQ,118155247616.0,,,,0.94,0.408,13590.0,2520.0,654937.0,512512.0
018310.KQ,삼목에스폼,KOSDAQ,281818234880.0,,,,1.01,1.138,24600.0,18700.0,7889.0,18707.0
053700.KQ,삼보모터스,KOSDAQ,85803769856.0,,,,,,5170.0,3805.0,33219.0,63737.0
009620.KQ,삼보산업,KOSDAQ,31120615424.0,,,,,1.381,3775.0,1200.0,63511.0,175979.0
023600.KQ,삼보판지,KOSDAQ,141705641984.0,,,,2.77,,11300.0,7190.0,24518.0,13869.0
0044K0.KQ,삼성스팩10호,KOSDAQ,15009920000.0,,,,,,2190.0,1975.0,8406.0,72675.0
0071M0.KQ,삼성스팩11호,KOSDAQ,11502720000.0,,,,,,2400.0,1906.0,20405.0,505444.0
009300.KQ,삼아제약,KOSDAQ,99362406400.0,,,,,,19250.0,15400.0,7490.0,8624.0
482630.KQ,삼양엔씨켐,KOSDAQ,183855087616.0,,,,,,28750.0,14930.0,62198.0,116491.0
484590.KQ,삼양컴텍,KOSDAQ,474744356864.0,,,,,,22650.0,11450.0,579124.0,1378513.0
036670.KQ,삼양케이씨아이,KOSDAQ,72093343744.0,,,,,,7520.0,5830.0,2593.0,45618.0
361670.KQ,삼영에스앤씨,KOSDAQ,19690897408.0,,,,,0.581,5580.0,3305.0,5201.0,17725.0
054540.KQ,삼영엠텍,KOSDAQ,170547806208.0,,,,1.07,0.94,22800.0,3575.0,853677.0,4429147.0
065570.KQ,삼영이엔씨,KOSDAQ,12295692288.0,,,,,,2095.0,745.0,0.0,0.0
014950.KQ,삼익제약,KOSDAQ,159399165952.0,,,,,,25050.0,6650.0,2269466.0,4602567.0
032280.KQ,삼일,KOSDAQ,21901135872.0,,,,,,3465.0,1298.0,75901.0,49786.0
002290.KQ,삼일기업공사,KOSDAQ,45321998336.0,,,,,,5190.0,3025.0,46446.0,43533.0
037460.KQ,삼지전자,KOSDAQ,195019538432.0,,,,3.49,0.809,13290.0,7910.0,53021.0,47672.0
032750.KQ,삼진,KOSDAQ,31858454528.0,,,,2.27,0.688,5640.0,3500.0,14472.0,15259.0
054090.KQ,삼진엘앤디,KOSDAQ,19854364672.0,,,,,,1203.0,600.0,25688.0,58471.0
000250.KQ,삼천당제약,KOSDAQ,4907326767104.0,,,,,,268500.0,88200.0,98223.0,159216.0
024950.KQ,삼천리자전거,KOSDAQ,50952232960.0,,,,,0.696,5470.0,3400.0,45854.0,107551.0
038500.KQ,삼표시멘트,KOSDAQ,324207738880.0,,,,3.64,0.682,3610.0,2815.0,128355.0,265751.0
437730.KQ,삼현,KOSDAQ,910142668800.0,,,,0.17,,34500.0,5960.0,2259823.0,2213680.0
017480.KQ,삼현철강,KOSDAQ,70805651456.0,,,,6.54,,4965.0,4160.0,3507.0,13141.0
046390.KQ,삼화네트웍스,KOSDAQ,47626027008.0,,,,,,1855.0,1100.0,164156.0,2301692.0
027580.KQ,상보,KOSDAQ,44953128960.0,,,,,,1539.0,750.0,73669.0,440882.0
038540.KQ,상상인,KOSDAQ,93469065216.0,,,,,,2425.0,1352.0,26222.0,108235.0
452670.KQ,상상인제4호스팩,KOSDAQ,10857600000.0,,,,,0.004,2095.0,1958.0,619.0,6956.0
091580.KQ,상신이디피,KOSDAQ,173533413376.0,,,,0.77,1.172,15190.0,6510.0,107548.0,220879.0
263810.KQ,상신전자,KOSDAQ,49992548352.0,,,,,0.72,4215.0,2500.0,72176.0,453023.0
089980.KQ,상아프론테크,KOSDAQ,248669159424.0,,,,1.25,1.184,20600.0,13540.0,47727.0,63961.0
042940.KQ,상지건설,KOSDAQ,42842447872.0,,,,,0.055,56400.0,3020.0,55341.0,147701.0
042600.KQ,새로닉스,KOSDAQ,176012279808.0,,,,,,18900.0,6540.0,49954.0,175435.0
107600.KQ,새빗켐,KOSDAQ,163271573504.0,,,,,0.965,42750.0,12500.0,28954.0,314696.0
411080.KQ,샌즈랩,KOSDAQ,110385020928.0,,,,,,11980.0,5690.0,61408.0,400561.0
252990.KQ,샘씨엔에스,KOSDAQ,358872088576.0,,,,,1.163,8500.0,3505.0,790188.0,1293605.0
378800.KQ,샤페론,KOSDAQ,59402227712.0,,,,,-0.005,5390.0,1611.0,5242986.0,2753379.0
294630.KQ,서남,KOSDAQ,56135032832.0,,,,,1.105,4200.0,2295.0,122108.0,764750.0
038070.KQ,서린바이오,KOSDAQ,57282170880.0,,,,1.51,0.97,10149.379,6036.878,1537061.0,110271.0
006730.KQ,서부T&D,KOSDAQ,800303611904.0,,,,0.8,0.677,12880.0,5060.0,1800349.0,715208.0
079650.KQ,서산,KOSDAQ,30740000768.0,,,,,,1948.0,1091.0,8453.0,32913.0
100660.KQ,서암기계공업,KOSDAQ,43406999552.0,,,,0.29,0.627,4495.0,3100.0,24229.0,359302.0
019770.KQ,서연탑메탈,KOSDAQ,41648750592.0,,,,1.82,1.121,4650.0,3060.0,20148.0,27941.0
043710.KQ,서울리거,KOSDAQ,77040156672.0,,,,,,1397.0,488.0,36231.0,220526.0
092190.KQ,서울바이오시스,KOSDAQ,116235837440.0,,,,,0.848,4120.0,2135.0,21401.0,93779.0
046890.KQ,서울반도체,KOSDAQ,340543307776.0,,,,,0.498,8700.0,5950.0,96712.0,123711.0
063170.KQ,서울옥션,KOSDAQ,128298074112.0,,,,,,11750.0,6110.0,98298.0,97756.0
027040.KQ,서울전자통신,KOSDAQ,12525870080.0,,,,,0.572,1020.0,180.0,233968.0,446474.0
018680.KQ,서울제약,KOSDAQ,35444330496.0,,,,,0.539,4205.0,2830.0,10865.0,13711.0
036120.KQ,서울평가정보,KOSDAQ,70349488128.0,,,,2.88,-1.113,2950.0,1993.0,191347.0,69353.0
093920.KQ,서원인텍,KOSDAQ,103043997696.0,,,,,,5910.0,5010.0,15770.0,13185.0
189860.KQ,서전기전,KOSDAQ,30890614784.0,,,,,0.112,5880.0,2820.0,18459.0,33884.0
178320.KQ,서진시스템,KOSDAQ,1226205298688.0,,,,,0.647,31200.0,16490.0,163498.0,440957.0
122690.KQ,서진오토모티브,KOSDAQ,42085425152.0,,,,,,2990.0,1712.0,137235.0,183464.0
140070.KQ,서플러스글로벌,KOSDAQ,72388829184.0,,,,,0.751,3260.0,2100.0,38271.0,235472.0
011370.KQ,서한,KOSDAQ,89553715200.0,,,,3.29,0.623,983.0,742.0,105239.0,183069.0
065710.KQ,서호전기,KOSDAQ,193640611840.0,,,,14.0,,51000.0,19610.0,14420.0,15042.0
035890.KQ,서희건설,KOSDAQ,300853264384.0,,,,2.77,0.711,2090.0,1397.0,0.0,0.0
357550.KQ,석경에이티,KOSDAQ,277104918528.0,,,,,0.758,58700.0,35800.0,253217.0,12712.0
003100.KQ,선광,KOSDAQ,121082503168.0,,,,,,23200.0,14170.0,13627.0,11992.0
067370.KQ,선바이오,KOSDAQ,75801935872.0,,,,,,10170.0,5010.0,10610.0,21744.0
217620.KQ,선샤인푸드,KOSDAQ,0.0,,,,,,3810.0,381.0,,
171090.KQ,선익시스템,KOSDAQ,378753941504.0,,,,,1.122,56300.0,33200.0,42234.0,59869.0
086710.KQ,선진뷰티사이언스,KOSDAQ,110974803968.0,,,,,,16500.0,8440.0,62267.0,29507.0
014620.KQ,성광벤드,KOSDAQ,702442307584.0,,,,0.76,,38800.0,19590.0,195183.0,359661.0
037350.KQ,성도이엔지,KOSDAQ,80104923136.0,,,,3.55,,5840.0,3810.0,102111.0,83049.0
458650.KQ,성우,KOSDAQ,154519027712.0,,,,2.43,,24050.0,10200.0,18656.0,48323.0
081580.KQ,성우전자,KOSDAQ,35426947072.0,,,,,,4325.0,2180.0,36368.0,73591.0
045300.KQ,성우테크론,KOSDAQ,31594211328.0,,,,,0.761,3430.0,2230.392,22741.0,29813.0
015750.KQ,성우하이텍,KOSDAQ,489548546048,,,,2.45,1.385,7390.0,4550.0,403226.0,523269.0
365340.KQ,성일하이텍,KOSDAQ,477427007488,,,,,0.4,49100.0,29450.0,23805.0,42469.0
080470.KQ,성창오토텍,KOSDAQ,28214499328,,,,,,4915.0,3200.0,14692.0,21528.0
043260.KQ,성호전자,KOSDAQ,142554873856,,,,,,2355.0,895.0,395700.0,1368990.0
148150.KQ,세경하이테크,KOSDAQ,163818405888,,,,2.07,1.288,9950.0,4785.0,185182.0,209228.0
061090.KQ,세나테크놀로지,KOSDAQ,297268707328,,,,,,176400.0,52800.0,421586.0,2156344.0
188260.KQ,세니젠,KOSDAQ,14445042688,,,,,-0.124,4705.0,2020.0,25773.0,45825.0
053060.KQ,세동,KOSDAQ,21664993280,,,,,,1546.0,865.0,58536.0,269479.0
340440.KQ,세림B&G,KOSDAQ,39162138624,,,,3.61,0.66,2130.0,1080.0,225946.0,1159460.0
017510.KQ,세명전기,KOSDAQ,138891067392,,,,,,13240.0,3800.0,373629.0,1327737.0
011560.KQ,세보엠이씨,KOSDAQ,155625095168,,,,3.48,0.757,16400.0,9230.0,38280.0,37855.0
396300.KQ,세아메카닉스,KOSDAQ,65506463744,,,,,1.001,4475.0,1938.0,141615.0,770365.0
100700.KQ,세운메디칼,KOSDAQ,105186590720,,,,,,2820.0,2185.0,40515.0,46886.0
024830.KQ,세원물산,KOSDAQ,88509997056,,,,1.42,0.388,14990.0,5530.0,3561.0,22664.0
258830.KQ,세종메디칼,KOSDAQ,0,,,,,,412.0,412.0,,
036630.KQ,세종텔레콤,KOSDAQ,95331614720,,,,,,15500.0,3920.0,174087.0,268665.0
039310.KQ,세중,KOSDAQ,25388455936,,,,,0.75,1930.0,1356.0,40709.0,23519.0
067770.KQ,세진티에스,KOSDAQ,18499387392,,,,,,2685.0,1936.0,2942.0,16892.0
053450.KQ,세코닉스,KOSDAQ,72483209216,,,,1.01,,8020.0,4500.0,52437.0,67322.0
222810.KQ,세토피아,KOSDAQ,81189003264,,,,,,5400.0,1080.0,,
252500.KQ,세화피앤씨,KOSDAQ,33935867904,,,,6.11,0.458,971.0,718.0,58580.0,210377.0
321370.KQ,센서뷰,KOSDAQ,37768843264,,,,,0.264,2240.0,870.0,338152.0,456662.0
347000.KQ,센코,KOSDAQ,66548248576,,,,,0.462,3080.0,1760.0,59528.0,465001.0
331920.KQ,셀레믹스,KOSDAQ,21839095808,,,,,0.763,4020.0,2620.0,15838.0,13243.0
352770.KQ,셀레스트라,KOSDAQ,13406231552,,,,,1.136,8380.81,283.0,0.0,0.0
471820.KQ,셀로맥스사이언스,KOSDAQ,54521298944,,,,3.24,,8932.902,4400.768,19258.0,45331.0
049180.KQ,셀루메드,KOSDAQ,38738378752,,,,,1.167,2735.0,542.0,623783.0,1469041.0
299660.KQ,셀리드,KOSDAQ,99720060928,,,,,1.605,9910.0,3035.0,343354.0,411152.0
108860.KQ,셀바스AI,KOSDAQ,315166162944,,,,,0.673,17100.0,10800.0,126243.0,204398.0
208370.KQ,셀바스헬스케어,KOSDAQ,112514408448,,,,,-0.854,5720.0,3405.0,778955.0,414231.0
318160.KQ,셀바이오휴먼텍,KOSDAQ,61685145600,,,,,0.435,11510.0,2875.0,150823.0,122336.0
308430.KQ,셀비온,KOSDAQ,257606270976,,,,,,29600.0,10100.0,509859.0,385381.0
068760.KQ,셀트리온제약,KOSDAQ,2609718231040,,,,,1.525,68700.0,44500.0,84796.0,165974.0
068940.KQ,셀피글로벌,KOSDAQ,0,,,,,,778.0,778.0,,
007720.KQ,소노스퀘어,KOSDAQ,66729897984,,,,,0.61,1580.0,642.0,211862.0,375936.0
290690.KQ,소룩스,KOSDAQ,199084867584,,,,,1.17,10400.0,2405.0,346982.0,916692.0
950200.KQ,소마젠,KOSDAQ,69057429504,,,,,0.09,4925.0,2910.0,8791.0,20022.0
032680.KQ,소프트센,KOSDAQ,27842600960,,,,,,467.0,239.0,627628.0,1247734.0
032685.KQ,소프트센우,KOSDAQ,13940312064,,,,,,8240.0,5520.0,0.0,2078.0
258790.KQ,소프트캠프,KOSDAQ,29517721600,,,,,,2085.0,840.0,122443.0,1727131.0
066910.KQ,손오공,KOSDAQ,43670781952,,,,,,1480.0,431.0,437989.0,1191601.0
215090.KQ,솔디펜스,KOSDAQ,61801582592,,,,,0.51,8550.0,2600.0,148177.0,167123.0
035610.KQ,솔본,KOSDAQ,96507707392,,,,,0.915,4960.0,3500.0,28903.0,31802.0
357780.KQ,솔브레인,KOSDAQ,1761490894848,,,,1.0,1.07,305000.0,155000.0,50733.0,46099.0
036830.KQ,솔브레인홀딩스,KOSDAQ,742062882816,,,,0.6,0.954,49200.0,25050.0,31867.0,61939.0
304100.KQ,솔트룩스,KOSDAQ,328792604672,,,,,1.817,58900.0,20300.0,159244.0,328362.0
328380.KQ,솔트웨어,KOSDAQ,29852747776,,,,,0.277,1495.0,755.0,56839.0,61160.0
086980.KQ,쇼박스,KOSDAQ,153597476864,,,,,,4685.0,2325.0,107390.0,143341.0
050960.KQ,수산아이앤티,KOSDAQ,61434101760,,,,2.2,1.575,25900.0,8420.0,6703.0,16590.0
084180.KQ,수성웹툰,KOSDAQ,56654999552,,,,,,6490.0,2830.0,30949.0,77671.0
253840.KQ,수젠텍,KOSDAQ,108250849280,,,,,0.25,10300.0,4730.0,1030854.0,618524.0
298830.KQ,슈어소프트테크,KOSDAQ,261488918528,,,,,0.763,6400.0,3970.0,272034.0,359710.0
236200.KQ,슈프리마,KOSDAQ,215615750144,,,,,0.372,38450.0,22600.0,27617.0,31828.0
094840.KQ,슈프리마에이치큐,KOSDAQ,56355487744,,,,,0.591,9690.0,5310.0,28507.0,26970.0
192440.KQ,슈피겐코리아,KOSDAQ,132552957952,,,,2.01,0.452,30100.0,18680.0,2006.0,4585.0
424960.KQ,스마트레이더시스템,KOSDAQ,115855540224,,,,,2.884,16930.0,7000.0,62458.0,199846.0
099440.KQ,스맥,KOSDAQ,229804933120,,,,,0.128,5070.0,1993.0,605214.0,3873548.0
276040.KQ,스코넥,KOSDAQ,17962469376,,,,,0.578,5700.0,1350.0,84009.0,176604.0
060240.KQ,스타코링크,KOSDAQ,11494657024,,,,,1.405,9770.0,1951.0,0.0,0.0
115570.KQ,스타플렉스,KOSDAQ,25326958592,,,,,0.189,3660.0,2240.0,4684.0,16315.0
330730.KQ,스톤브릿지벤처스,KOSDAQ,83775635456,,,,4.16,0.883,5820.0,3400.0,83487.0,166314.0
352090.KQ,스톰테크,KOSDAQ,96742793216,,,,5.56,,4615.0,2880.0,25324.0,44077.0
253450.KQ,스튜디오드래곤,KOSDAQ,1158755123200,,,,,0.235,57000.0,36300.0,62150.0,95672.0
408900.KQ,스튜디오미르,KOSDAQ,105225175040,,,,,1.637,5800.0,2245.0,135065.0,848787.0
204630.KQ,스튜디오산타클로스,KOSDAQ,0,,,,,,4650.0005,155.0,,
415380.KQ,스튜디오삼익,KOSDAQ,25060114432,,,,3.81,,5440.0,2140.0,47041.0,438347.0
013810.KQ,스페코,KOSDAQ,35099848704,,,,,0.777,5060.0,2370.0,23328.0,138859.0
347700.KQ,스피어,KOSDAQ,308976287744,,,,,0.166,17280.0,2990.0,180305.0,297163.0
049830.KQ,승일,KOSDAQ,50627497984,,,,1.4,,9800.0,6860.0,3126.0,2489.0
020710.KQ,시공테크,KOSDAQ,75075788800,,,,,,10650.0,3095.0,171280.0,146420.0
033170.KQ,시그네틱스,KOSDAQ,61467205632,,,,,1.433,1183.0,599.0,386317.0,2345853.0
048870.KQ,시너지이노베이션,KOSDAQ,206161936384,,,,,,4640.0,2330.0,279489.0,294841.0
025320.KQ,시노펙스,KOSDAQ,509571301376,,,,,0.68,8440.0,4730.0,508856.0,413813.0
340810.KQ,시선AI,KOSDAQ,34981421056,,,,,0.32,7030.0,2670.0,76810.0,105624.0
269620.KQ,시스웍,KOSDAQ,0,,,,,,889.0,870.0,,
056090.KQ,시지메드텍,KOSDAQ,105220964352,,,,,-0.529,1270.0,830.0,685879.0,556325.0
429270.KQ,시지트로닉스,KOSDAQ,28129650688,,,,,1.072,8950.0,3700.0,2813661.0,220320.0
418250.KQ,시큐레터,KOSDAQ,45439033344,,,,,0.506,7535.665,6550.0,0.0,0.0
131090.KQ,시큐브,KOSDAQ,29072324608,,,,3.29,0.69,5230.0,3740.0,15108.0,8637.0
290520.KQ,신도기연,KOSDAQ,25020499968,,,,,0.793,2840.0,1380.0,47350.0,187567.0
001000.KQ,신라섬유,KOSDAQ,58387484672,,,,,0.611,2855.0,810.0,1083494.0,301864.0
025870.KQ,신라에스지,KOSDAQ,20679999488,,,,,0.601,9140.0,5100.0,57783.0,13151.0
215600.KQ,신라젠,KOSDAQ,376403820544,,,,,0.065,4700.0,1873.0,323951.0,1454290.0
065350.KQ,신성델타테크,KOSDAQ,1459777961984,,,,0.22,-0.345,128500.0,50200.0,93791.0,137478.0
416180.KQ,신성에스티,KOSDAQ,328270675968,,,,0.54,0.902,52500.0,22350.0,69060.0,170803.0
162300.KQ,신스틸,KOSDAQ,71495139328,,,,1.14,-0.525,2910.0,1650.0,11529.0,40969.0
290560.KQ,신시웨이,KOSDAQ,25215432704,,,,,-0.052,8240.0,5290.0,3890.0,10326.0
002800.KQ,신신제약,KOSDAQ,78583193600,,,,1.16,0.298,8730.0,4700.0,19648.0,42127.0
472220.KQ,신영스팩10호,KOSDAQ,10341449728,,,,,,2220.0,2025.0,4562.0,6640.0
017000.KQ,신원종합개발,KOSDAQ,29500178432,,,,,,4150.0,2300.0,323912.0,49055.0
012790.KQ,신일제약,KOSDAQ,68663791616,,,,3.2,0.619,7850.0,5640.0,6880.0,28296.0
138070.KQ,신진에스엠,KOSDAQ,35211399168,,,,2.38,0.835,3240.0,2000.0,53761.0,52408.0
226330.KQ,신테카바이오,KOSDAQ,95643721728,,,,,0.603,9430.0,3770.0,348704.0,431435.0
452980.KQ,신한제11호스팩,KOSDAQ,39322398720,,,,,0.109,2090.0,1935.0,96102.0,50544.0
474660.KQ,신한제12호스팩,KOSDAQ,11536799744,,,,,,2200.0,1980.0,3103.0,6629.0
474930.KQ,신한제13호스팩,KOSDAQ,7710600192,,,,,,2205.0,2030.0,21467.0,6691.0
487360.KQ,신한제14호스팩,KOSDAQ,11477399552,,,,,,2500.0,1903.0,589.0,9922.0
487830.KQ,신한제15호스팩,KOSDAQ,8874000384,,,,,,2105.0,1978.0,8123.0,4184.0
496070.KQ,신한제16호스팩,KOSDAQ,11268100096,,,,,,3750.0,1995.0,23028.0,14622.0
056700.KQ,신화인터텍,KOSDAQ,51146555392,,,,,0.517,2205.0,1361.0,27418.0,61083.0
187270.KQ,신화콘텍,KOSDAQ,29527484416,,,,1.56,0.336,4160.0,2565.0,19451,287522
243840.KQ,신흥에스이씨,KOSDAQ,199346077696,,,,1.28,1.115,6480.0,3755.0,397722,831737
257720.KQ,실리콘투,KOSDAQ,2807790567424,,,,,0.216,63400.0,23300.0,611596,792445
222800.KQ,심텍,KOSDAQ,1560447942656,,,,0.2,1.577,67100.0,9690.0,1131444,1144547
036710.KQ,심텍홀딩스,KOSDAQ,138961731584,,,,0.34,1.529,4750.0,885.0,851538,1228257
444530.KQ,심플랫폼,KOSDAQ,48244682752,,,,,,24500.0,7410.0,36723,121312
234030.KQ,싸이닉솔루션,KOSDAQ,212917092352,,,,,,15240.0,7250.0,1388291,2863371
160980.KQ,싸이맥스,KOSDAQ,153306415104,,,,2.33,1.306,19990.0,7410.0,91623,121827
356890.KQ,싸이버원,KOSDAQ,44881338368,,,,0.8,0.464,5420.0,2575.0,343570,2751808
217330.KQ,싸이토젠,KOSDAQ,71976992768,,,,,-0.19,7500.0,2260.0,46830,225029
208640.KQ,썸에이지,KOSDAQ,41354354688,,,,,-0.016,810.0,227.0,1057127,5112831
222420.KQ,쎄노텍,KOSDAQ,39004876800,,,,,0.746,1198.0,549.0,197352,411400
037760.KQ,쎄니트,KOSDAQ,52445036544,,,,2.9,0.42,1823.0,1313.0,11549,14916
081180.KQ,쎄크,KOSDAQ,87283367936,,,,,,20900.0,7480.0,467589,340023
099320.KQ,쎄트렉아이,KOSDAQ,607795937280,,,,,,75200.0,35500.0,41932,115886
049960.KQ,쎌바이오텍,KOSDAQ,87670358016,,,,,,14790.0,11350.0,28895,12657
088280.KQ,쏘닉스,KOSDAQ,35391770624,,,,,0.769,3900.0,1935.0,14191,49848
050890.KQ,쏠리드,KOSDAQ,429843185664,,,,,,9070.0,4400.0,734208,1360796
394800.KQ,쓰리빌리언,KOSDAQ,348936929280,,,,,,12790.0,4005.0,819903,1579209
177900.KQ,쓰리에이로직스,KOSDAQ,67485126656,,,,,,14910.0,5430.0,4175306,339459
475400.KQ,씨메스,KOSDAQ,334769913856,,,,,,50000.0,15600.0,152743,505554
109670.KQ,씨싸이트,KOSDAQ,34078146560,,,,,1.544,10370.0,5620.0,16477,355904
066790.KQ,씨씨에스,KOSDAQ,90304339968,,,,,,2095.0,1073.0,0,0
222080.KQ,씨아이에스,KOSDAQ,516013359104,,,,,1.05,8950.0,6240.0,189407,327163
352480.KQ,씨앤씨인터내셔널,KOSDAQ,319907332096,,,,3.13,-0.127,49700.0,27100.0,28562,46041
264660.KQ,씨앤지하이테크,KOSDAQ,134227279872,,,,0.7,0.984,20450.0,8168.317,117450,281438
352700.KQ,씨앤투스,KOSDAQ,63038099456,,,,2.0,-0.122,3050.0,2110.0,73095,62455
458870.KQ,씨어스테크놀로지,KOSDAQ,1646564343808,,,,,,139600.0,8570.0,193128,206308
297090.KQ,씨에스베어링,KOSDAQ,159529500672,,,,,0.886,9260.0,3600.0,43558,194098
900120.KQ,씨엑스아이,KOSDAQ,17012705280,,,,,1.0,1130.0,490.0,621283,479515
359090.KQ,씨엔알리서치,KOSDAQ,48216608768,,,,1.18,0.128,1275.0,805.0,211992,255446
115530.KQ,씨엔플러스,KOSDAQ,23651123200,,,,,0.689,623.0,292.0,169924,198207
388210.KQ,씨엠티엑스,KOSDAQ,962505015296,,,,,,154000.0,99900.0,1385845,3459968
115480.KQ,씨유메디칼,KOSDAQ,34498998272,,,,,,793.0,551.0,64929,75322
376290.KQ,씨유테크,KOSDAQ,51295039488,,,,7.95,0.695,3575.0,2700.0,8670,12364
189330.KQ,씨이랩,KOSDAQ,32908566528,,,,,1.285,12000.0,4410.0,107451,233435
096530.KQ,씨젠,KOSDAQ,1122836414464,,,,3.29,0.431,36650.0,21250.0,143273,167814
101240.KQ,씨큐브,KOSDAQ,43318128640,,,,,0.478,5330.0,3475.0,12850,53812
060590.KQ,씨티씨바이오,KOSDAQ,115359842304,,,,,-0.027,7910.0,4765.0,35347,80914
260930.KQ,씨티케이,KOSDAQ,89884868608,,,,2.1,-0.099,8050.0,3600.0,40881,315319
413630.KQ,씨피시스템,KOSDAQ,145746411520,,,,,,5450.0,1210.0,1487985,9794663
013990.KQ,아가방컴퍼니,KOSDAQ,128143458304,,,,,0.711,9300.0,4315.0,166801,186522
123860.KQ,아나패스,KOSDAQ,208643964928,,,,,-0.169,23400.0,16810.0,146751,49103
025980.KQ,아난티,KOSDAQ,604673802240,,,,,,11850.0,4935.0,847837,1656110
125210.KQ,아모그린텍,KOSDAQ,96506224640,,,,,0.799,7830.0,4630.0,72793,105675
357580.KQ,아모센스,KOSDAQ,75961188352,,,,,0.87,11380.0,4445.0,21041,219736
052710.KQ,아모텍,KOSDAQ,131512918016,,,,,,14750.0,2840.0,55590,122050
074430.KQ,아미노로직스,KOSDAQ,79658950656,,,,,,1308.0,847.0,141969,345591
092040.KQ,아미코젠,KOSDAQ,159789268992,,,,,0.583,4990.0,2870.0,140619,264336
083930.KQ,아바코,KOSDAQ,192799473664,,,,,,18380.0,10740.0,64673,88566
149950.KQ,아바텍,KOSDAQ,122872651776,,,,2.22,0.698,12310.0,6860.0,19228,54560
036010.KQ,아비코전자,KOSDAQ,91455389696,,,,,,10200.0,3765.0,71512,141894
050860.KQ,아세아텍,KOSDAQ,36036485120,,,,,,2655.0,1825.0,14004,40418
136410.KQ,아셈스,KOSDAQ,98073640960,,,,0.97,0.631,12350.0,6490.0,77003,47479
246720.KQ,아스타,KOSDAQ,111930228736,,,,,1.64,9000.0,3810.0,22642,34941
450950.KQ,아스테라시스,KOSDAQ,492442058752,,,,0.4,,17480.0,6340.0,284354,428690
067390.KQ,아스트,KOSDAQ,226348859392,,,,,0.541,896.0,467.0,1214324,1270737
159010.KQ,아스플로,KOSDAQ,49178824704,,,,,1.294,5800.0,3415.0,51958,236381
127710.KQ,아시아경제,KOSDAQ,33853687808,,,,,1.069,1748.0,927.0,32596,48357
154030.KQ,아시아종묘,KOSDAQ,25329920000,,,,,1.137,2985.0,1697.0,27939,254027
227610.KQ,아우딘퓨쳐스,KOSDAQ,31123685376,,,,,0.343,1391.0,710.0,512331,350529
331740.KQ,아우토크립트,KOSDAQ,98759016448,,,,,,37000.0,10310.0,61885,204336
143160.KQ,아이디스,KOSDAQ,174138703872,,,,1.67,0.389,18520.0,13050.0,29614,14083
054800.KQ,아이디스홀딩스,KOSDAQ,98461794304,,,,2.21,,14380.0,8290.0,4069,8806
332370.KQ,아이디피,KOSDAQ,57938219008,,,,3.5,0.495,5810.0,3545.0,5465,16129
066430.KQ,아이로보틱스,KOSDAQ,46621839360,,,,,0.444,1950.0,435.0,115117,251899
339950.KQ,아이비김영,KOSDAQ,86684172288,,,,1.5,0.942,3220.0,1790.0,43109,89209
469750.KQ,아이비젼웍스,KOSDAQ,36547043328,,,,,0.1,2100.0,841.0,258810,6029108
460470.KQ,아이빔테크놀로지,KOSDAQ,42950594560,,,,,,6070.0,2760.0,115209,337881
099190.KQ,아이센스,KOSDAQ,463168700416,,,,,,20700.0,12970.0,60302,129509
461300.KQ,아이스크림미디어,KOSDAQ,220016541696,,,,13.12,,27550.0,10670.0,24257,69181
289010.KQ,아이스크림에듀,KOSDAQ,25315371008,,,,,0.571,6660.0,1724.0,51808,88064
214430.KQ,아이쓰리시스템,KOSDAQ,473896026112,,,,0.59,1.111,124600.0,36200.0,37555,46225
040910.KQ,아이씨디,KOSDAQ,63278637056,,,,,0.856,7370.0,3625.0,51913,50905
368600.KQ,아이씨에이치,KOSDAQ,27413366784,,,,,0.426,4355.0,1545.0,82579,31969
456010.KQ,아이씨티케이,KOSDAQ,190573592576,,,,,,22200.0,4805.0,395094,1494329
052860.KQ,아이앤씨,KOSDAQ,35704258560,,,,,,3400.0,1485.0,85549,217639
464500.KQ,아이언디바이스,KOSDAQ,40284012544,,,,,,5980.0,2650.0,262482,1332486
212710.KQ,아이에스티이,KOSDAQ,73633841152,,,,,,24250.0,7790.0,82737,392594
038880.KQ,아이에이,KOSDAQ,57679020032,,,,,,358.0,141.0,1381726,1860097
307180.KQ,아이엘,KOSDAQ,73717325824,,,,,1.019,3215.0,2400.0,152826,162933
101390.KQ,아이엠,KOSDAQ,5127170560,,,,,,4200.0,373.0,0,0
461030.KQ,아이엠비디엑스,KOSDAQ,137093595136,,,,,,14430.0,7180.0,119804,481725
451220.KQ,아이엠티,KOSDAQ,67406671872,,,,,0.145,13920.0,6110.0,55219,85727
090150.KQ,아이윈,KOSDAQ,29071992832,,,,,,1127.0,689.0,52761,74107
123010.KQ,아이윈플러스,KOSDAQ,32681383936,,,,,0.249,2295.0,548.0,301856,2557444
031310.KQ,아이즈비전,KOSDAQ,35885039616,,,,,,2645.0,1379.0,83538,89010
462980.KQ,아이지넷,KOSDAQ,32584937472,,,,,,6280.0,1759.0,34730,102191
185490.KQ,아이진,KOSDAQ,54502576128,,,,,1.238,3950.0,1694.0,77533,175699
059100.KQ,아이컴포넌트,KOSDAQ,31747164160,,,,,0.918,6290.0,4400.0,36915,22246
262840.KQ,아이퀘스트,KOSDAQ,38147362816,,,,2.08,0.519,3185.0,1842.0,43183,50822
175250.KQ,아이큐어,KOSDAQ,81092214784,,,,,0.669,2350.0,1399.0,0,0
052460.KQ,아이크래프트,KOSDAQ,28938205184,,,,,,4250.0,1839.0,33856,164145
119830.KQ,아이텍,KOSDAQ,116245356544,,,,,0.922,7190.0,4450.0,134672,213967
052770.KQ,아이톡시,KOSDAQ,24053661696,,,,,-0.209,1665.0,395.0,170679,743886
124500.KQ,아이티센글로벌,KOSDAQ,463626469376,,,,,1.575,33000.0,4600.0,234486,908805
010280.KQ,아이티센엔텍,KOSDAQ,65384271872,,,,,0.505,1600.0,573.0,406336,327523
232830.KQ,아이티센피엔에스,KOSDAQ,25814976512,,,,,0.285,3900.0,1572.0,86670,93107
372800.KQ,아이티아이즈,KOSDAQ,29594019840,,,,,,10000.0,4060.0,26620,22222
084850.KQ,아이티엠반도체,KOSDAQ,220127985664,,,,,0.666,15520.0,9580.0,24364,39102
309710.KQ,아이티켐,KOSDAQ,381264920576,,,,,,43200.0,17470.0,184712.0,266343.0
114840.KQ,아이패밀리에스씨,KOSDAQ,250302201856,,,,,,28600.0,14200.0,123227.0,141896.0
027360.KQ,아주IB투자,KOSDAQ,233623535616,,,,,,3370.0,1900.0,139733.0,243503.0
032080.KQ,아즈텍WB,KOSDAQ,25418924032,,,,,,1769.0,1009.0,9371.0,35033.0
013310.KQ,아진산업,KOSDAQ,103412514816,,,,3.75,0.781,3950.0,2165.0,421826.0,447627.0
059120.KQ,아진엑스텍,KOSDAQ,66557091840,,,,,,9470.0,5200.0,58124.0,342780.0
203690.KQ,아크솔루션스,KOSDAQ,76179849216,,,,,1.121,6430.0,3815.0,0.0,0.0
158430.KQ,아톤,KOSDAQ,145262870528,,,,0.81,0.75,13990.0,4660.0,219292.0,553519.0
200350.KQ,아티스트스튜디오,KOSDAQ,61075714048,,,,,1.131,28150.0,6000.0,19885.0,30879.0
321820.KQ,아티스트컴퍼니,KOSDAQ,67565146112,,,,,2.574,21350.0,4235.0,13462.0,23323.0
001540.KQ,안국약품,KOSDAQ,92627722240,,,,5.4,0.748,8650.0,6230.0,34638.0,23689.0
053800.KQ,안랩,KOSDAQ,574308024320,,,,2.16,1.026,116700.0,58000.0,38372.0,39439.0
065660.KQ,안트로젠,KOSDAQ,218633289728,,,,,,29650.0,14810.0,35105.0,24468.0
297570.KQ,알로이스,KOSDAQ,39295078400,,,,,1.426,1180.0,575.0,63190.0,194944.0
260660.KQ,알리코제약,KOSDAQ,55399411712,,,,2.03,0.58,6130.0,3070.0,15746.0,54005.0
354320.KQ,알멕,KOSDAQ,122075373568,,,,,,34200.0,19000.0,5397.0,11944.0
361570.KQ,알비더블유,KOSDAQ,62884020224,,,,,0.822,3290.0,2030.0,548460.0,217492.0
131370.KQ,알서포트,KOSDAQ,132683268096,,,,0.39,0.177,4225.0,2500.0,55621.0,98541.0
140670.KQ,알에스오토메이션,KOSDAQ,121579642880,,,,,0.886,21350.0,8910.0,62825.0,231342.0
096610.KQ,알에프세미,KOSDAQ,0,,,,,,2965.0,0.0,,
061040.KQ,알에프텍,KOSDAQ,67251281920,,,,,0.454,4060.0,2070.0,66695.0,154009.0
148250.KQ,알엔투테크놀로지,KOSDAQ,57435766784,,,,0.49,0.493,9770.0,3330.0,400912.0,152875.0
347860.KQ,알체라,KOSDAQ,88454545408,,,,,1.889,4060.0,1255.0,256693.0,580144.0
196170.KQ,알테오젠,KOSDAQ,28911721250816,,,,,1.092,569000.0,274000.0,242572.0,413342.0
123750.KQ,알톤,KOSDAQ,17403682816,,,,,1.163,2000.0,1214.0,27639.0,141572.0
459550.KQ,알트,KOSDAQ,102691667968,,,,,,6120.0,3120.0,17227759.0,33383476.0
085810.KQ,알티캐스트,KOSDAQ,31993616384,,,,,,1890.0,488.0,51637.0,150354.0
043100.KQ,알파녹스,KOSDAQ,28213766144,,,,,,5650.0,1160.0,125976.0,726453.0
117670.KQ,알파칩스,KOSDAQ,56754421760,,,,,0.576,17200.0,6100.0,19452.0,41569.0
314140.KQ,알피바이오,KOSDAQ,63143845888,,,,,0.644,9130.0,4635.0,35021.0,173810.0
291650.KQ,압타머사이언스,KOSDAQ,22633633792,,,,,0.424,2360.0,758.0,191995.0,294735.0
293780.KQ,압타바이오,KOSDAQ,195158671360,,,,,1.544,11960.0,5750.0,112388.0,146859.0
310200.KQ,애니플러스,KOSDAQ,159975653376,,,,2.08,0.474,6430.0,2390.0,194515.0,697646.0
179530.KQ,애드바이오텍,KOSDAQ,39924518912,,,,,1.397,5450.0,1351.0,108263.0,637260.0
397810.KQ,애드포러스,KOSDAQ,30111463424,,,,,-0.22,17800.0,7160.0,20265.0,315026.0
900100.KQ,애머릿지,KOSDAQ,23751002112,,,,,,1450.0,495.0,371571.0,998317.0
052790.KQ,액토즈소프트,KOSDAQ,65001054208,,,,,,8390.0,5800.0,17125.0,52083.0
290740.KQ,액트로,KOSDAQ,52093947904,,,,1.76,0.48,6580.0,4565.0,25942.0,12710.0
238090.KQ,앤디포스,KOSDAQ,42425659392,,,,,1.137,3700.0,1537.0,102102.0,80545.0
092600.KQ,앤씨앤,KOSDAQ,13150809088,,,,,,1171.0,516.0,86488.0,473766.0
129890.KQ,앱코,KOSDAQ,43997048832,,,,2.07,0.424,1290.0,866.0,110189.0,3590878.0
174900.KQ,앱클론,KOSDAQ,645341642752,,,,,1.123,35050.0,6810.0,342627.0,286018.0
109960.KQ,앱토크롬,KOSDAQ,59382829056,,,,,,654.0,259.0,183575.0,809838.0
270520.KQ,앱튼,KOSDAQ,92532219904,,,,,1.686,2085.0,451.0,3215046.0,1403996.0
255440.KQ,야스,KOSDAQ,97574977536,,,,,1.155,10430.0,6400.0,18178.0,37410.0
030960.KQ,양지사,KOSDAQ,120190615552,,,,,,11920.0,8010.0,199930.0,110253.0
102120.KQ,어보브반도체,KOSDAQ,171587043328,,,,,,16000.0,6500.0,147892.0,361895.0
238120.KQ,얼라인드,KOSDAQ,49485123584,,,,,0.238,3820.0,2575.0,33920.0,40361.0
019990.KQ,에너토크,KOSDAQ,71387848704,,,,,,10340.0,4030.0,96147.0,884582.0
435570.KQ,에르코스,KOSDAQ,67131727872,,,,,,31300.0,6500.0,10106.0,29318.0
270660.KQ,에브리봇,KOSDAQ,222835425280,,,,,1.339,24100.0,11830.0,65924.0,372300.0
038680.KQ,에스넷,KOSDAQ,65141481472,,,,1.41,0.902,5320.0,3500.0,40432.0,73154.0
217480.KQ,에스디생명공학,KOSDAQ,0,,,,,,1250.3583,349.0,,
121890.KQ,에스디시스템,KOSDAQ,21984051200,,,,,0.002,2090.0,985.0,9344.0,217054.0
304360.KQ,에스바이오메딕스,KOSDAQ,288786022400,,,,,1.68,33400.0,16130.0,51082.0,120614.0
389500.KQ,에스비비테크,KOSDAQ,189751427072,,,,,0.538,32100.0,12740.0,2870270.0,216293.0
042110.KQ,에스씨디,KOSDAQ,59687010304,,,,,,1545.0,1210.0,119013.0,96178.0
298060.KQ,에스씨엠생명과학,KOSDAQ,34879049728,,,,,1.132,2395.0,792.0,20395.0,188441.0
065420.KQ,에스아이리소스,KOSDAQ,17822109696,,,,,,418.0,190.0,206699.0,786708.0
103230.KQ,에스앤더블류,KOSDAQ,30095998976,,,,,,6100.0,2500.0,17665.0,218938.0
260970.KQ,에스앤디,KOSDAQ,205096255488,,,,1.13,0.829,149800.0,29000.0,24588.0,36433.0
101490.KQ,에스앤에스텍,KOSDAQ,909212188672,,,,,,64300.0,21150.0,173620.0,259157.0
095910.KQ,에스에너지,KOSDAQ,35510542336,,,,,,2165.0,1066.0,76699.0,150727.0
275630.KQ,에스에스알,KOSDAQ,15630078976,,,,,0.59,3805.0,2925.0,7713.0,14230.0
031330.KQ,에스에이엠티,KOSDAQ,342870884352,,,,5.69,0.893,4045.0,2500.0,420641.0,528764.0
060540.KQ,에스에이티,KOSDAQ,33188827136,,,,,,1979.0,1202.0,13528.0,68105.0
056190.KQ,에스에프에이,KOSDAQ,590002454528,,,,1.83,0.652,26900.0,17700.0,110727.0,93443.0
0008Z0.KQ,에스엔시스,KOSDAQ,287815204864,,,,,,58400.0,29550.0,70948.0,384528.0
246250.KQ,에스엘에스바이오,KOSDAQ,29629620224,,,,,0.715,3120.0,0.0,0.0,0.0
041510.KQ,에스엠,KOSDAQ,2335258443776,,,,0.39,0.209,155100.0,67200.0,71705.0,164162.0
460870.KQ,에스엠씨지,KOSDAQ,75508482048,,,,,,9570.0,2810.0,130829.0,225584.0
007820.KQ,에스엠코어,KOSDAQ,72657403904,,,,,,5710.0,3480.0,71152.0,1663144.0
464080.KQ,에스오에스랩,KOSDAQ,168861483008,,,,,,16600.0,7610.0,131510.0,376278.0
109610.KQ,에스와이,KOSDAQ,140886130688,,,,6.78,0.49,5120.0,2700.0,530202.0,251702.0
365330.KQ,에스와이스틸텍,KOSDAQ,126135476224,,,,1.21,-2.872,8918.182,2975.0,3440774.0,1015032.0
306040.KQ,에스제이그룹,KOSDAQ,31340228608,,,,,0.48,5700.0,3160.0,19449.0,29943.0
398120.KQ,에스지헬스케어,KOSDAQ,30907822080,,,,,0.018,6880.0,2200.0,7772.0,29852.0
457940.KQ,에스케이증권제10호스팩,KOSDAQ,6934450176,,,,,,2140.0,2020.0,8914.0,6294.0
472230.KQ,에스케이증권제11호스팩,KOSDAQ,8476199936,,,,,,2085.0,1985.0,14417.0,5545.0
473000.KQ,에스케이증권제12호스팩,KOSDAQ,6768949760,,,,,,2115.0,2005.0,1.0,4092.0
473950.KQ,에스케이증권제13호스팩,KOSDAQ,9016800256,,,,,,2070.0,1900.0,743.0,3431.0
455910.KQ,에스케이증권제9호스팩,KOSDAQ,10542000128,,,,,,2145.0,1991.0,10479.0,7955.0
475660.KQ,에스켐,KOSDAQ,46468833280,,,,,,8500.0,4710.0,47277.0,124951.0
096630.KQ,에스코넥,KOSDAQ,48330608640,,,,,,905.0,490.0,165725.0,272892.0
069510.KQ,에스텍,KOSDAQ,118833299456,,,,,,20450.0,10140.0,22835.0,14867.0
488280.KQ,에스투더블유,KOSDAQ,246699376640,,,,,,40000.0,17950.0,361741.0,2087957.0
234300.KQ,에스트래픽,KOSDAQ,95272853504,,,,1.69,1.02,4440.0,3315.0,53875.0,141886.0
039440.KQ,에스티아이,KOSDAQ,337478385664,,,,0.87,1.307,26900.0,13620.0,267503.0,253783.0
098660.KQ,에스티오,KOSDAQ,22441771008,,,,,,3005.0,1777.0,18332.0,23558.0
052020.KQ,에스티큐브,KOSDAQ,490478338048,,,,,,10470.0,3940.0,195858.0,313751.0
237690.KQ,에스티팜,KOSDAQ,2011258159104,,,,,,108500.0,66600.0,99648.0,189133.0
050760.KQ,에스폴리텍,KOSDAQ,21480892416,,,,,,2100.0,1178.0,9317.0,90203.0
288620.KQ,에스퓨얼셀,KOSDAQ,78168342528,,,,0.45,1.117,16260.0,7210.0,52044.0,296134.0
443670.KQ,에스피소프트,KOSDAQ,123450597376,,,,,-0.498,11670.0,4810.0,24354.0,67374.0
317830.KQ,에스피시스템스,KOSDAQ,93062070272,,,,,1.501,12160.0,3620.0,539835.0,1584871.0
058610.KQ,에스피지,KOSDAQ,1022376280064,,,,,,49800.0,17990.0,7826158.0,807046.0
043340.KQ,에쎈테크,KOSDAQ,39045001216,,,,,0.432,724.0,388.0,119949.0,60004.0
163280.KQ,에어레인,KOSDAQ,105423855616,,,,,,25050.0,8670.0,25677.0,63900.0
054630.KQ,에이디칩스,KOSDAQ,0,,,,,,1580.0,158.0,,
200710.KQ,에이디테크놀로지,KOSDAQ,285002104832,,,,,,29650.0,12060.0,203945.0,417592.0
475580.KQ,에이럭스,KOSDAQ,109600899072.0,,,,,,16450.0,7050.0,138690.0,529435.0
096690.KQ,에이루트,KOSDAQ,44043390976.0,,,,,-0.015,2496.528,1322.0,39983.0,219249.0
298380.KQ,에이비엘바이오,KOSDAQ,8676808065024.0,,,,,0.743,195500.0,25950.0,1403887.0,1103874.0
203400.KQ,에이비온,KOSDAQ,131143688192.0,,,,,1.065,13100.0,3440.0,700869.0,354749.0
195990.KQ,에이비프로바이오,KOSDAQ,89107316736.0,,,,,1.794,534.0,178.0,9610045.0,9798694.0
003800.KQ,에이스침대,KOSDAQ,316180496384.0,,,,4.84,0.258,33600.0,24400.0,8536.0,14991.0
088800.KQ,에이스테크,KOSDAQ,255641567232.0,,,,,,4690.0,1650.0,210808.0,908127.0
241840.KQ,에이스토리,KOSDAQ,63084474368.0,,,,,1.645,12140.0,6670.0,14911.0,42149.0
364950.KQ,에이아이코리아,KOSDAQ,65885859840.0,,,,,,16300.0,7710.0,152085.0,1122721.0
453860.KQ,에이에스텍,KOSDAQ,88923693056.0,,,,,,24450.0,14260.0,16855.0,30986.0
312610.KQ,에이에프더블류,KOSDAQ,29797881856.0,,,,,0.849,2625.0,1061.0,17364.0,155242.0
172670.KQ,에이엘티,KOSDAQ,90803978240.0,,,,,,15570.0,5040.0,59621.0,274352.0
481070.KQ,에이유브랜즈,KOSDAQ,261818400768.0,,,,,,29150.0,11910.0,197522.0,47481.0
445090.KQ,에이직랜드,KOSDAQ,280488837120.0,,,,,1.188,43150.0,22050.0,24794.0,61114.0
295310.KQ,에이치브이엠,KOSDAQ,274934595584.0,,,,,,35850.0,16000.0,112693.0,118833.0
072990.KQ,에이치시티,KOSDAQ,92306071552.0,,,,0.69,0.777,14200.0,7630.0,52808.0,54469.0
044990.KQ,에이치엔에스하이텍,KOSDAQ,206245707776.0,,,,,,21000.0,13160.0,156027.0,85242.0
239610.KQ,에이치엘사이언스,KOSDAQ,42780786688.0,,,,,0.895,14720.0,7900.0,4996.0,8471.0
036170.KQ,에이치엠넥스,KOSDAQ,53642711040.0,,,,,,1070.0,756.0,62758.0,78809.0
462020.KQ,에이치엠씨제6호스팩,KOSDAQ,9059324928.0,,,,,-0.005,2085.0,1952.0,11659.0,5575.0
477340.KQ,에이치엠씨제7호스팩,KOSDAQ,15095100416.0,,,,,,2020.0,1888.0,3372.0,15695.0
148930.KQ,에이치와이티씨,KOSDAQ,30673098752.0,,,,,0.97,4795.0,3000.0,20620.0,10169.0
376270.KQ,에이치이엠파마,KOSDAQ,268608208896.0,,,,,,38700.0,11520.0,104860.0,51122.0
044780.KQ,에이치케이,KOSDAQ,26270846976.0,,,,,0.71,1575.0,992.0,8982.0,43065.0
357230.KQ,에이치피오,KOSDAQ,96999620608.0,,,,,,2940.0,2295.0,23408.0,133096.0
355690.KQ,에이텀,KOSDAQ,30267887616.0,,,,,,9920.0,4445.0,23786.0,107016.0
071670.KQ,에이테크솔루션,KOSDAQ,54000001024.0,,,,,,7220.0,4415.0,18045.0,23093.0
045660.KQ,에이텍,KOSDAQ,74616717312.0,,,,,,46300.0,10080.0,18296.0,26265.0
224110.KQ,에이텍모빌리티,KOSDAQ,45891706880.0,,,,3.13,0.391,32500.0,9140.0,8615.0,27029.0
021080.KQ,에이티넘인베스트,KOSDAQ,120505786368.0,,,,2.67,0.688,3275.0,1994.0,144740.0,193220.0
200470.KQ,에이팩트,KOSDAQ,171138547712.0,,,,,1.135,5820.0,1710.0,437077.0,691417.0
262260.KQ,에이프로,KOSDAQ,74215612416.0,,,,1.93,0.764,8560.0,4400.0,55103.0,92140.0
397030.KQ,에이프릴바이오,KOSDAQ,840279326720.0,,,,,1.693,41450.0,11980.0,779707.0,1239162.0
230240.KQ,에치에프알,KOSDAQ,190787239936.0,,,,,0.1,26550.0,9390.0,108796.0,177732.0
159910.KQ,에코글로우,KOSDAQ,27322824704.0,,,,,0.069,1150.0,536.0,840709.0,1816618.0
230360.KQ,에코마케팅,KOSDAQ,342686826496.0,,,,5.69,0.384,15490.0,7390.0,39553.0,156307.0
038870.KQ,에코바이오,KOSDAQ,48063778816.0,,,,,,5800.0,2765.0,80491.0,354258.0
097780.KQ,에코볼트,KOSDAQ,61576843264.0,,,,,,1373.0,680.0,31267.0,235573.0
448280.KQ,에코아이,KOSDAQ,310237921280.0,,,,1.59,,17400.0,4710.0,30224.0,78513.0
101360.KQ,에코앤드림,KOSDAQ,356217225216.0,,,,,1.568,32650.0,17460.0,83435.0,162126.0
128540.KQ,에코캡,KOSDAQ,42703892480.0,,,,,0.893,2210.0,1230.0,74251.0,184828.0
086520.KQ,에코프로,KOSDAQ,10589387620352.0,,,,,,102400.0,37750.0,1613229.0,2120788.0
247540.KQ,에코프로비엠,KOSDAQ,13506214625280.0,,,,,0.823,180000.0,81100.0,288050.0,683184.0
383310.KQ,에코프로에이치엔,KOSDAQ,507635859456.0,,,,1.24,0.407,43850.0,22050.0,45345.0,98648.0
038110.KQ,에코플라스틱,KOSDAQ,119933526016.0,,,,,,4500.0,2120.0,221952.0,593355.0
073540.KQ,에프알텍,KOSDAQ,22571999232.0,,,,,,2980.0,1156.0,11261.0,268220.0
064850.KQ,에프앤가이드,KOSDAQ,98699370496.0,,,,2.54,0.592,9140.0,6180.0,42757.0,27331.0
036810.KQ,에프에스티,KOSDAQ,546310619136.0,,,,,,40300.0,14049.505,399493.0,371008.0
173940.KQ,에프엔씨엔터,KOSDAQ,49187401728.0,,,,,0.707,4660.0,2695.0,4596.0,14771.0
083500.KQ,에프엔에스테크,KOSDAQ,96425181184.0,,,,1.6,1.354,17130.0,6850.0,78076.0,202332.0
054940.KQ,엑사이엔씨,KOSDAQ,21463285760.0,,,,,,930.0,640.0,68365.0,1069971.0
950130.KQ,엑세스바이오,KOSDAQ,118887555072.0,,,,,0.049,7360.0,3375.0,99607.0,130923.0
373110.KQ,엑셀세라퓨틱스,KOSDAQ,23514771456.0,,,,,,5570.0,1851.0,60450.0,364891.0
205100.KQ,엑셈,KOSDAQ,143996534784.0,,,,,0.231,2590.0,1618.0,411669.0,1234055.0
356680.KQ,엑스게이트,KOSDAQ,218565705728.0,,,,,-1.412,12400.0,5100.0,275285.0,2844116.0
070300.KQ,엑스큐어,KOSDAQ,20230174720.0,,,,,-0.023,5007.6924,1150.0,41272.0,440750.0
317770.KQ,엑스페릭스,KOSDAQ,91247869952.0,,,,,0.74,9290.0,2335.0,384435.0,504376.0
373200.KQ,엑스플러스,KOSDAQ,57202368512.0,,,,,-1.055,999.0,504.0,139915.0,304555.0
069920.KQ,엑시온그룹,KOSDAQ,40963223552.0,,,,,,3290.0,600.0,200355.0,2723012.0
092870.KQ,엑시콘,KOSDAQ,167157202944.0,,,,,,18470.0,8410.0,434167.0,622152.0
317870.KQ,엔바이오니아,KOSDAQ,94702428160.0,,,,,1.079,19500.0,11030.0,27689.0,111958.0
067570.KQ,엔브이에이치코리아,KOSDAQ,93280772096.0,,,,6.71,0.749,3150.0,2010.0,109566.0,88379.0
236810.KQ,엔비티,KOSDAQ,39351709696.0,,,,,1.886,4860.0,2420.0,43437.0,619805.0
333620.KQ,엔시스,KOSDAQ,63853051904.0,,,,2.59,0.742,9650.0,6070.0,26331.0,23148.0
101400.KQ,엔시트론,KOSDAQ,19028977664.0,,,,,0.465,527.0,278.0,561313.0,2906195.0
475230.KQ,엔알비,KOSDAQ,127211094016.0,,,,,,21850.0,10590.0,59488.0,252464.0
078860.KQ,엔에스이엔엠,KOSDAQ,78894981120.0,,,,,,2400.0,1170.0,197165.0,110111.0
451700.KQ,엔에이치스팩29호,KOSDAQ,30206750720.0,,,,,,2115.0,1963.0,0.0,52635.0
466910.KQ,엔에이치스팩30호,KOSDAQ,19428499456.0,,,,,,2135.0,1930.0,0.0,19143.0
481890.KQ,엔에이치스팩31호,KOSDAQ,13483124736.0,,,,,,2165.0,1953.0,2040.0,20925.0
265740.KQ,엔에프씨,KOSDAQ,80922107904.0,,,,,0.884,8000.0,2162.5,96428.0,477811.0
354200.KQ,엔젠바이오,KOSDAQ,42039017472.0,,,,,1.108,3195.0,1330.0,33293.0,66910.0
455900.KQ,엔젤로보틱스,KOSDAQ,450938994688.0,,,,,,35150.0,19490.0,487098.0,361620.0
419080.KQ,엔젯,KOSDAQ,48606679040.0,,,,,,11010.0,4775.0,156171.0,110893.0
208860.KQ,엔지스테크널러지,KOSDAQ,46171963392.0,,,,,0.267,2800.0,1351.0,43147.0,68297.0
183490.KQ,엔지켐생명과학,KOSDAQ,92304211968.0,,,,,1.169,1556.0,937.0,917849.0,951124.0
182400.KQ,엔케이맥스,KOSDAQ,0.0,,,,,,9596.199,2020.0,,
348370.KQ,엔켐,KOSDAQ,1316322279424.0,,,,,0.181,179900.0,53100.0,449418.0,268248.0
069410.KQ,엔텔스,KOSDAQ,46102061056.0,,,,,1.189,6200.0,3070.0,31881.0,36628.0
227950.KQ,엔투텍,KOSDAQ,61769691136.0,,,,,,690.0,338.0,265889.0,751273.0
291230.KQ,엔피,KOSDAQ,43963478016.0,,,,,1.513,2625.0,957.0,73573.0,153618.0
048830.KQ,엔피케이,KOSDAQ,18471051264.0,,,,,,1389.0,951.0,355333.0,310773.0
096870.KQ,엘디티,KOSDAQ,16829568000.0,,,,,0.688,3355.0,2290.0,25257.0,35587.0
290650.KQ,엘앤씨바이오,KOSDAQ,1294951514112.0,,,,0.1,0.957,67900.0,16000.0,281100.0,1037017.0
156100.KQ,엘앤케이바이오,KOSDAQ,187604647936.0,,,,,1.822,11000.0,5570.0,200355.0,300085.0
0041J0.KQ,엘에스스팩1호,KOSDAQ,8195339776.0,,,,,,5040.0,1990.0,12050.0,22449.0
073110.KQ,엘엠에스,KOSDAQ,30889914368.0,,,,,,7700.0,5290.0,13539.0,35718.0
083310.KQ,엘오티베큠,KOSDAQ,193823997952.0,,,,,,15500.0,7270.0,150998.0,190565.0
037950.KQ,엘컴텍,KOSDAQ,62882775040.0,,,,,0.435,1309.0,742.0,490233.0,741267.0
489500.KQ,엘케이켐,KOSDAQ,104278507520.0,,,,,,77800.0,16460.0,15546.0,48347.0
170920.KQ,엘티씨,KOSDAQ,149692940288.0,,,,0.63,1.543,22500.0,7720.0,215402.0,375085.0
058630.KQ,엠게임,KOSDAQ,116266090496.0,,,,,,7660.0,4465.0,59788.0,101403.0
226590.KQ,엠디바이스,KOSDAQ,128081543168.0,,,,,,24800.0,7410.0,266851.0,821098.0
058970.KQ,엠로,KOSDAQ,443452260352.0,,,,,1.159,84100.0,35800.0,59209.0,67978.0
169330.KQ,엠브레인,KOSDAQ,35158695936.0,,,,4.04,0.383,2345.0,1792.0,14596.0,10055.0
373170.KQ,엠아이큐브솔루션,KOSDAQ,32141993984.0,,,,,0.701,13010.0,6100.0,6331.0,8463.0
179290.KQ,엠아이텍,KOSDAQ,202932797440.0,,,,1.59,0.065,9520.0,6000.0,57925.0,97402.0
009780.KQ,엠에스씨,KOSDAQ,144496001024.0,,,,,,13280.0,5070.0,62850.0,293450.0
123040.KQ,엠에스오토텍,KOSDAQ,114441535488.0,,,,,1.035,3250.0,2055.0,61901.0,135303.0
432980.KQ,엠에프씨,KOSDAQ,,,,,,,8440.0,3305.0,41003.0,23738.0
413390.KQ,엠오티,KOSDAQ,77008199680,,,,1.5,,12260.0,5040.0,86381,463483
032790.KQ,엠젠솔루션,KOSDAQ,48916496384,,,,,0.075,1578.0,850.0,390618,284787
033160.KQ,엠케이전자,KOSDAQ,164300177408,,,,1.27,0.766,11670.0,5340.0,115756,185916
347890.KQ,엠투아이,KOSDAQ,100099342336,,,,3.55,0.349,7510.0,4805.0,67858,169268
033310.KQ,엠투엔,KOSDAQ,70060949504,,,,,,2850.0,1602.0,51805,255930
259630.KQ,엠플러스,KOSDAQ,168218755072,,,,0.71,0.895,19000.0,6880.0,128453,278231
105550.KQ,엣지파운드리,KOSDAQ,110361485312,,,,,-0.058,5230.0,1457.0,326245,710079
060850.KQ,영림원소프트랩,KOSDAQ,47410900992,,,,1.37,0.532,7050.0,4725.0,12908,24090
143540.KQ,영우디에스피,KOSDAQ,32197171200,,,,,,842.0,533.0,76165,328052
265560.KQ,영화테크,KOSDAQ,71031414784,,,,1.47,0.856,8850.0,6270.0,6718,42876
036000.KQ,예림당,KOSDAQ,70715228160,,,,,0.761,4900.0,1800.0,15161,58982
250930.KQ,예선테크,KOSDAQ,16568946688,,,,,0.829,780.0,313.0,177604,1380513
053280.KQ,예스24,KOSDAQ,93321412608,,,,5.35,0.533,5710.0,3635.0,38593,55064
122640.KQ,예스티,KOSDAQ,343277142016,,,,,1.535,21500.0,7710.0,80578,103821
476040.KQ,오가노이드사이언스,KOSDAQ,204252643328,,,,,,52000.0,23000.0,89950,358082
900300.KQ,오가닉티코스메틱,KOSDAQ,34174547968,,,,,0.403,809.0,315.0,14362163,5099485
045060.KQ,오공,KOSDAQ,39135961088,,,,2.16,0.607,2830.0,2270.0,6393,21261
192410.KQ,오늘이엔엠,KOSDAQ,12099319808,,,,,0.564,2460.0,575.0,318452,687565
080520.KQ,오디텍,KOSDAQ,30972237824,,,,,,3450.0,2790.0,9966,17096
039830.KQ,오로라,KOSDAQ,154888060928,,,,,,26400.0,5570.0,101477,277206
322310.KQ,오로스테크놀로지,KOSDAQ,198980681728,,,,,1.857,32550.0,13230.0,164042,147846
046120.KQ,오르비텍,KOSDAQ,102922461184,,,,,1.209,6570.0,1791.0,487277,1190413
475830.KQ,오름테라퓨틱,KOSDAQ,1174298689536,,,,,,60200.0,15950.0,162841,244878
014940.KQ,오리엔탈정공,KOSDAQ,370299437056,,,,1.23,,12990.0,4110.0,452881,3457620
065500.KQ,오리엔트정공,KOSDAQ,75033296896,,,,,0.176,19220.0,1028.0,288222,971228
010470.KQ,오리콤,KOSDAQ,65247555584,,,,4.82,0.121,8430.0,5510.0,5918,20744
417860.KQ,오브젠,KOSDAQ,54521552896,,,,,1.847,33200.0,7610.0,10885,25629
352910.KQ,오비고,KOSDAQ,52826013696,,,,,1.031,6990.0,3965.0,22547,13176
053980.KQ,오상자이엘,KOSDAQ,66243170304,,,,8.55,0.578,4310.0,2835.0,30400,51038
036220.KQ,오상헬스케어,KOSDAQ,169960718336,,,,4.05,0.721,23850.0,9720.0,14839,28946
052420.KQ,오성첨단소재,KOSDAQ,128042524672,,,,,,2070.0,1241.0,417147,6814529
052300.KQ,오션인더블유,KOSDAQ,36700442624,,,,,,3930.0,2135.0,15990,59530
039200.KQ,오스코텍,KOSDAQ,2092175196160,,,,,,55900.0,21600.0,591558,323618
226400.KQ,오스테오닉,KOSDAQ,118962700288,,,,,1.094,8880.0,4790.0,82214,183741
031510.KQ,오스템,KOSDAQ,25980393472,,,,2.9,,1345.0,950.0,31651,37255
342870.KQ,오아,KOSDAQ,38481133568,,,,,,17980.0,8010.0,6505,305801
368970.KQ,오에스피,KOSDAQ,18233528320,,,,,,4230.0,1882.0,9339,31233
138080.KQ,오이솔루션,KOSDAQ,114168225792,,,,,,15700.0,7800.0,56954,163597
080580.KQ,오킨스전자,KOSDAQ,139976294400,,,,,1.091,12180.0,3685.0,184449,482324
067170.KQ,오텍,KOSDAQ,23922380800,,,,,0.336,4065.0,1650.0,24163,61692
353590.KQ,오토앤,KOSDAQ,39270490112,,,,,0.838,5650.0,2745.0,137629,229227
173130.KQ,오파스넷,KOSDAQ,87779958784,,,,1.49,0.138,12220.0,5580.0,123094,54078
440320.KQ,오픈놀,KOSDAQ,39072923648,,,,,1.42,12500.0,3800.0,13810,73591
049480.KQ,오픈베이스,KOSDAQ,63639011328,,,,,,3480.0,2200.0,114950,476812
394280.KQ,오픈엣지테크놀로지,KOSDAQ,228396269568,,,,,,18290.0,9550.0,89328,126931
476060.KQ,온코닉테라퓨틱스,KOSDAQ,761822248960,,,,,,26600.0,3137.5,8886107,4408311
382150.KQ,온코크로스,KOSDAQ,138237624320,,,,,,16700.0,6260.0,479511,490808
244460.KQ,올리패스,KOSDAQ,8974570496,,,,,0.005,8240.0,1568.0,0,0
226950.KQ,올릭스,KOSDAQ,2633298870272,,,,,0.904,148700.0,13380.0,544304,1300085
057540.KQ,옴니시스템,KOSDAQ,43001450496,,,,,,1419.0,666.0,161340,246852
131030.KQ,옵투스제약,KOSDAQ,103240744960,,,,,0.402,8960.0,4855.0,103241,144220
082210.KQ,옵트론텍,KOSDAQ,52007694336,,,,,,2380.0,993.0,34256,157636
109080.KQ,옵티시스,KOSDAQ,37786054656,,,,,,12400.0,6550.0,37747,30848
380540.KQ,옵티코어,KOSDAQ,69251465216,,,,,0.244,2930.0,855.0,149740,1335182
153710.KQ,옵티팜,KOSDAQ,71149297664,,,,,-0.06,5860.0,4400.0,12359,12771
432430.KQ,와이랩,KOSDAQ,69169864704,,,,,0.196,7630.0,3700.0,21926,107818
338840.KQ,와이바이오로직스,KOSDAQ,342336241664,,,,,,28600.0,5330.0,254689,545163
122990.KQ,와이솔,KOSDAQ,153830637568,,,,8.88,,7000.0,4980.0,42483,67528
232140.KQ,와이씨,KOSDAQ,972780208128,,,,,1.047,15900.0,8270.0,468858,845023
112290.KQ,와이씨켐,KOSDAQ,193111408640,,,,,1.193,30700.0,11000.0,42978,125398
065530.KQ,와이어블,KOSDAQ,66830749696,,,,3.58,0.768,1665.0,1115.0,88665,371967
067900.KQ,와이엔텍,KOSDAQ,108959956992,,,,,,7430.0,5570.0,11380,23523
007530.KQ,와이엠,KOSDAQ,61890342912,,,,,,3040.0,1865.0,42428,28896
155650.KQ,와이엠씨,KOSDAQ,58453626880,,,,2.27,0.983,3905.0,2850.0,14498,54471
273640.KQ,와이엠텍,KOSDAQ,76872417280,,,,1.86,1.237,14290.0,7480.0,22158,18992
251370.KQ,와이엠티,KOSDAQ,175278374912,,,,,1.2,18990.0,7790.0,70789,257174
209640.KQ,와이제이링크,KOSDAQ,69401272320,,,,,,14540.0,2420.0,151455,258283
096250.KQ,와이즈넛,KOSDAQ,147597967360,,,,,,20200.0,9300.0,50466,120742
273060.KQ,와이즈버즈,KOSDAQ,48390733824,,,,,0.848,1380.0,701.0,107209,1704500
019210.KQ,와이지-원,KOSDAQ,169883533312,,,,3.16,0.828,6620.0,4820.0,54404,89533
122870.KQ,와이지엔터테인먼트,KOSDAQ,1125795495936,,,,0.41,0.558,109800.0,42500.0,133661,245082
079000.KQ,와토스코리아,KOSDAQ,36323168256,,,,,,6500.0,5000.0,2314,19740
403490.KQ,우듬지팜,KOSDAQ,68720394240,,,,,1.664,2470.0,1308.0,130656,1462916
032820.KQ,우리기술,KOSDAQ,595904626688,,,,,,5600.0,1453.0,4660156,16049524
041190.KQ,우리기술투자,KOSDAQ,672028033024,,,,,1.375,13140.0,5460.0,1148676,1979105
115440.KQ,우리넷,KOSDAQ,72491155456,,,,1.43,0.298,10450.0,5830.0,70858,184183
046970.KQ,우리로,KOSDAQ,54292344832,,,,,0.277,1960.0,1068.0,548156,2375355
082850.KQ,우리바이오,KOSDAQ,95122866176,,,,,,3315.0,1994.0,196222,1128309
215360.KQ,우리산업,KOSDAQ,70317654016,,,,2.34,1.295,11940.0,7700.0,11992,69889
072470.KQ,우리산업홀딩스,KOSDAQ,62410719232,,,,1.66,1.353,4830.0,2085.0,71505,491778
073560.KQ,우리손에프앤지,KOSDAQ,105795117056,,,,4.58,0.273,1647.0,1184.0,161270,141907
037400.KQ,우리엔터프라이즈,KOSDAQ,23959826432,,,,,0.732,1333.0,900.0,18725,44833
153490.KQ,우리이앤엘,KOSDAQ,34512465920,,,,,0.919,854.0,595.0,25634,61445
101170.KQ,우림피티에스,KOSDAQ,82473467904,,,,,,8650.0,3965.0,1510761,896106
066590.KQ,우수AMS,KOSDAQ,98822127616,,,,,1.068,4200.0,2530.0,58717,80864
103840.KQ,우양,KOSDAQ,55154864128,,,,,1.014,5940.0,2715.0,97217,1035095
101970.KQ,우양에이치씨,KOSDAQ,160660520960,,,,,-0.384,24850.0,1990.0,9697,57467
046940.KQ,우원개발,KOSDAQ,57566806016,,,,,0.88,3995.0,2050.0,73861,108923
215380.KQ,우정바이오,KOSDAQ,34841419776,,,,,0.897,2490.0,1350.0,266241,774890
065680.KQ,우주일렉트로,KOSDAQ,284963799040,,,,0.85,,46000.0,12010.0,46882,34716
018620.KQ,우진비앤지,KOSDAQ,24929630208,,,,,,1027.0,815.0,20190,45914
457550.KQ,우진엔텍,KOSDAQ,188208185344,,,,0.99,,42000.0,13150.0,77634,158395
396470.KQ,워트,KOSDAQ,112195198976,,,,0.72,1.3,10800.0,6310.0,52978,79143
307280.KQ,원바이오젠,KOSDAQ,40289673216,,,,1.76,0.578,6140.0,990.0,15337,25143
032940.KQ,원익,KOSDAQ,125169082368,,,,,,10370.0,2915.0,208955,1086619
240810.KQ,원익IPS,KOSDAQ,2758777503744,,,,0.09,1.509,74600.0,20800.0,569849,748792
074600.KQ,원익QnC,KOSDAQ,489482551296,,,,0.54,1.219,27850.0,15250.0,265266,336694
104830.KQ,원익머트리얼즈,KOSDAQ,376979193856,,,,1.17,1.041,36450.0,16450.0,180087,152438
014190.KQ,원익큐브,KOSDAQ,52066152448,,,,,1.164,2105.0,1376.0,84687,112642
217820.KQ,원익피앤이,KOSDAQ,146674974720,,,,,0.861,4565.0,1757.0,294247,411471
030530.KQ,원익홀딩스,KOSDAQ,1672787918848,,,,,1.724,33900.0,2135.0,2662122.0,4816214.0
012620.KQ,원일특강,KOSDAQ,32824000512,,,,3.35,,9150.0,6620.0,9976.0,11156.0
136150.KQ,원일티엔아이,KOSDAQ,155182497792,,,,,,41800.0,18800.0,97991.0,273478.0
382840.KQ,원준,KOSDAQ,120299102208,,,,2.53,1.445,12690.0,7750.0,21651.0,40421.0
336570.KQ,원텍,KOSDAQ,669340401664,,,,0.67,0.692,13410.0,3860.0,347205.0,752525.0
376980.KQ,원티드랩,KOSDAQ,32109895680,,,,,0.889,11290.0,3440.0,18487.0,39783.0
008370.KQ,원풍,KOSDAQ,55698976768,,,,7.69,0.39,5330.0,3700.0,41213.0,15953.0
008290.KQ,원풍물산,KOSDAQ,19338412032,,,,,,684.0,425.0,64909.0,405298.0
101160.KQ,월덱스,KOSDAQ,350033051648,,,,,,28700.0,14710.0,109135.0,132771.0
336060.KQ,웨이버스,KOSDAQ,51285286912,,,,,0.849,1546.0,975.0,585342.0,264218.0
095270.KQ,웨이브일렉트로,KOSDAQ,57551921152,,,,,,7230.0,3190.0,27822.0,93225.0
289930.KQ,웨이비스,KOSDAQ,98153611264,,,,,,11970.0,6630.0,32549.0,60403.0
065950.KQ,웰크론,KOSDAQ,47953874944,,,,,0.344,2780.0,1600.0,46889.0,80482.0
076080.KQ,웰크론한텍,KOSDAQ,26399164416,,,,,,2050.0,850.0,80241.0,143456.0
043590.KQ,웰킵스하이텍,KOSDAQ,15915421696,,,,,,940.0,500.0,34932.0,74328.0
196700.KQ,웹스,KOSDAQ,21948411904,,,,,0.422,1781.0,1005.0,91479.0,88263.0
069080.KQ,웹젠,KOSDAQ,379031289856,,,,,,16130.0,11860.0,108411.0,70150.0
053580.KQ,웹케시,KOSDAQ,132347076608,,,,,,25400.0,6130.0,27552.0,41598.0
479960.KQ,위너스,KOSDAQ,68989566976,,,,,,39400.0,10000.0,4276.0,8930.0
377460.KQ,위니아에이드,KOSDAQ,0,,,,,,16466.377,1691.0,,
044340.KQ,위닉스,KOSDAQ,89630818304,,,,5.29,,8840.0,4450.0,22562.0,25576.0
330350.KQ,위더스제약,KOSDAQ,85533925376,,,,,0.719,10450.0,5610.0,65168.0,54532.0
348350.KQ,위드텍,KOSDAQ,79166160896,,,,,0.819,14440.0,6200.0,31206.0,96437.0
112040.KQ,위메이드,KOSDAQ,830166532096,,,,,,47450.0,23500.0,119995.0,112250.0
101730.KQ,위메이드맥스,KOSDAQ,497509531648,,,,,,10810.0,5710.0,46096.0,50856.0
123420.KQ,위메이드플레이,KOSDAQ,83832389632,,,,,0.893,12830.0,5830.0,26286.0,72993.0
065370.KQ,위세아이텍,KOSDAQ,37850447872,,,,2.74,0.379,15770.0,3955.0,26155.0,38970.0
038620.KQ,위즈코프,KOSDAQ,41054564352,,,,,1.272,1409.0,535.0,153587.0,222896.0
299900.KQ,위지윅스튜디오,KOSDAQ,118432890880,,,,,0.731,2255.0,678.0,449748.0,538781.0
036090.KQ,위지트,KOSDAQ,72300552192,,,,,1.425,846.0,607.0,867300.0,357802.0
459100.KQ,위츠,KOSDAQ,85238161408,,,,4.42,,16940.0,5700.0,51076.0,146003.0
136540.KQ,윈스테크넷,KOSDAQ,127585869824,,,,6.81,0.379,14590.0,10320.0,11463.0,14378.0
097800.KQ,윈팩,KOSDAQ,58341564416,,,,,0.856,923.0,437.0,561555.0,2916948.0
192390.KQ,윈하이텍,KOSDAQ,23333165056,,,,1.42,0.215,5550.0,2085.0,8849.0,40439.0
335870.KQ,윙스풋,KOSDAQ,29196075008,,,,,0.252,3120.0,1140.0,3408834.0,170006.0
900340.KQ,윙입푸드,KOSDAQ,44140224512,,,,,0.339,3645.0,835.0,361787.0,296749.0
036200.KQ,유니셈,KOSDAQ,272686809088,,,,,,12380.0,5210.0,833321.0,951198.0
018000.KQ,유니슨,KOSDAQ,217925124096,,,,,0.992,2085.0,557.0,1397038.0,4133358.0
203450.KQ,유니온바이오메트릭스,KOSDAQ,36450791424,,,,,,4230.0,2460.0,33695.0,39074.0
011320.KQ,유니크,KOSDAQ,91869913088,,,,0.95,1.019,4810.0,3155.0,137495.0,117407.0
086390.KQ,유니테스트,KOSDAQ,269409812480,,,,,,22300.0,7470.0,153008.0,630994.0
241690.KQ,유니테크노,KOSDAQ,84546289664,,,,,1.057,4530.0,2585.0,352571.0,959038.0
142210.KQ,유니트론텍,KOSDAQ,98354855936,,,,,,7290.0,4135.0,69394.0,216188.0
389680.KQ,유디엠텍,KOSDAQ,20712110080,,,,,,1340.0,496.0,209920.0,901376.0
088340.KQ,유라클,KOSDAQ,61490147328,,,,0.64,,33700.0,8520.0,199565.0,379181.0
048430.KQ,유라테크,KOSDAQ,86011666432,,,,3.99,1.333,19930.0,6100.0,9809.0,27085.0
206650.KQ,유바이오로직스,KOSDAQ,463296593920,,,,,0.372,14950.0,10000.0,149036.0,237302.0
089850.KQ,유비벨록스,KOSDAQ,81899216896,,,,,0.861,11500.0,5460.0,59147.0,170284.0
084440.KQ,유비온,KOSDAQ,19022852096,,,,,0.058,1650.0,751.0,25309.0,63692.0
032620.KQ,유비케어,KOSDAQ,195359162368,,,,,,4485.0,3045.0,103960.0,180622.0
264450.KQ,유비쿼스,KOSDAQ,137295454208,,,,1.83,0.81,9740.0,6680.0,24433.0,17285.0
078070.KQ,유비쿼스홀딩스,KOSDAQ,175036891136,,,,,,11650.0,9120.0,8083.0,45282.0
024800.KQ,유성티엔에스,KOSDAQ,79656443904,,,,,,3210.0,1777.0,23067.0,35811.0
054930.KQ,유신,KOSDAQ,65550000128,,,,4.12,-0.106,27850.0,19500.0,9759.0,10589.0
069330.KQ,유아이디,KOSDAQ,16110526464,,,,,,1943.0,1010.0,50941.0,53821.0
049520.KQ,유아이엘,KOSDAQ,93061472256,,,,,,4905.0,2730.0,86644.0,73429.0
444920.KQ,유안타제11호스팩,KOSDAQ,10977800192,,,,,-0.039,2100.0,1970.0,3857.0,7880.0
446150.KQ,유안타제12호스팩,KOSDAQ,10994849792,,,,,,2340.0,2015.0,0.0,0.0
450940.KQ,유안타제14호스팩,KOSDAQ,9534000128,,,,,,2100.0,1998.0,1837.0,7520.0
473050.KQ,유안타제15호스팩,KOSDAQ,14265350144,,,,,,2045.0,1930.0,36615.0,14617.0
474490.KQ,유안타제16호스팩,KOSDAQ,11130200064,,,,,,2035.0,1928.0,1618.0,10423.0
493790.KQ,유안타제17호스팩,KOSDAQ,10593449984,,,,,,2190.0,1911.0,12438.0,9176.0
263770.KQ,유에스티,KOSDAQ,44862156800,,,,3.14,0.881,3055.0,1770.0,24094.0,88397.0
388720.KQ,유일로보틱스,KOSDAQ,858930348032,,,,,,101900.0,23700.0,74324.0,176419.0
340930.KQ,유일에너테크,KOSDAQ,77366321152,,,,,1.377,3230.0,1030.0,762069.0,3231511.0
023410.KQ,유진기업,KOSDAQ,237486997504,,,,4.91,0.596,3900.0,3070.0,136399.0,165758.0
056080.KQ,유진로봇,KOSDAQ,426888298496,,,,,,20900.0,5330.0,365790.0,1897953.0
468760.KQ,유진스팩10호,KOSDAQ,8988800000,,,,,,2155.0,2010.0,13413.0,4339.0
488060.KQ,유진스팩11호,KOSDAQ,9605199872,,,,,,2085.0,1970.0,6565.0,4757.0
084370.KQ,유진테크,KOSDAQ,1720287494144,,,,,,109000.0,30300.0,372566.0,264249.0
240600.KQ,유진테크놀로지,KOSDAQ,27630868480,,,,,1.913,7180.0,3880.0,25232.0,58157.0
221800.KQ,유투바이오,KOSDAQ,70770720768,,,,,-0.169,7900.0,2370.0,6722484.0,1600783.0
179900.KQ,유티아이,KOSDAQ,508881010688,,,,,0.977,29000.0,17520.0,121554.0,106247.0
263050.KQ,유틸렉스,KOSDAQ,46775218176,,,,,1.347,3200.0,1163.0,89603.0,85521.0
191410.KQ,육일씨엔에쓰,KOSDAQ,17814765568,,,,,-0.103,2780.0,1325.0,893848.0,218929.0
372170.KQ,윤성에프앤씨,KOSDAQ,251738963968,,,,0.63,2.105,46100.0,25500.0,14193.0,27696.0
146060.KQ,율촌,KOSDAQ,28552574976,,,,,1.018,1490.0,969.0,32433.0,88050.0
072770.KQ,율호,KOSDAQ,77888798720,,,,,,1969.0,500.0,1015022.0,2568553.0
039020.KQ,이건홀딩스,KOSDAQ,91835088896,,,,,,5390.0,2990.0,82226.0,183793.0
067920.KQ,이글루,KOSDAQ,54860230656,,,,3.35,0.41,6030.0,4775.0,49847.0,38292.0
044960.KQ,이글벳,KOSDAQ,51186319360,,,,,,5140.0,3990.0,17048.0,70438.0
303530.KQ,이노뎁,KOSDAQ,39470436352,,,,,0.361,8130.0,5310.0,21749.0,49514.0
296640.KQ,이노룰스,KOSDAQ,28308850688,,,,4.46,0.759,9240.0,5050.0,11917.0,30629.0
302430.KQ,이노메트리,KOSDAQ,68301299712,,,,,1.531,12140.0,6550.0,43008.0,41439.0
462350.KQ,이노스페이스,KOSDAQ,194016231424,,,,,,15010.0,6914.711,122123.0,83093.0
274400.KQ,이노시뮬레이션,KOSDAQ,34710405120,,,,,2.239,5860.0,3575.0,22389.0,18694.0
073490.KQ,이노와이어리스,KOSDAQ,164623269888,,,,,,25350.0,16610.0,34796.0,51827.0
215790.KQ,이노인스트루먼트,KOSDAQ,24531998720,,,,,1.132,850.0,400.0,609787.0,2116661.0
344860.KQ,이노진,KOSDAQ,18334355456,,,,,,2710.0,1382.0,4921.0,33567.0
469610.KQ,이노테크,KOSDAQ,300926894080,,,,,,85000.0,33900.0,1451472.0,2845350.0
088390.KQ,이녹스,KOSDAQ,85129510912,,,,,,13700.0,6340.0,29307.0,34817.0
272290.KQ,이녹스첨단소재,KOSDAQ,416893829120,,,,1.58,1.049,32200.0,18200.0,167106.0,164483.0
053350.KQ,이니텍,KOSDAQ,146244239360,,,,,,12450.0,3225.0,72434.0,89922.0
452400.KQ,이닉스,KOSDAQ,86568689664,,,,2.06,,14700.0,7700.0,20376.0,171716.0
264850.KQ,이랜시스,KOSDAQ,149655388160,,,,1.01,0.303,6550.0,3720.0,634839.0,1098170.0
054210.KQ,이랜텍,KOSDAQ,206063370240,,,,0.97,,9700.0,4050.0,137758.0,201793.0
009730.KQ,이렘,KOSDAQ,46304231424,,,,,,1400.0,705.0,331018.0,665385.0
065440.KQ,이루온,KOSDAQ,44921958400,,,,,,2295.0,1280.0,883131.0,1159075.0
424870.KQ,이뮨온시아,KOSDAQ,526950301696,,,,,,8300.0,4455.0,4956272.0,3830651.0
115610.KQ,이미지스,KOSDAQ,19522068480,,,,,,4550.0,785.0,254902.0,2629605.0
478110.KQ,이베스트스팩6호,KOSDAQ,10090200064,,,,,,2035.0,1960.0,12090.0,9575.0
131400.KQ,이브이첨단소재,KOSDAQ,108037136384,,,,,,2820.0,1200.0,439557.0,2211063.0
351330.KQ,이삭엔지니어링,KOSDAQ,61086392320,,,,,,12190.0,5420.0,37321.0,863021.0
080010.KQ,이상네트웍스,KOSDAQ,63704809472,,,,,,7830.0,4825.0,12984.0,21059.0
086890.KQ,이수앱지스,KOSDAQ,209772937216,,,,,,6180.0,3945.0,264640.0,297295.0
047560.KQ,이스트소프트,KOSDAQ,177658953728,,,,,,29300.0,15290.0,40029.0,81050.0
900110.KQ,이스트아시아홀딩스,KOSDAQ,30506176512,,,,,-0.161,3825.0,1120.0,92431.0,582831.0
239340.KQ,이스트에이드,KOSDAQ,42762604544,,,,,0.763,3795.0,1280.0,69599.0,132714.0
067010.KQ,이씨에스,KOSDAQ,25587974144,,,,,,3495.0,2330.0,11473.0,13876.0
456070.KQ,이엔셀,KOSDAQ,138779983872,,,,,,22800.0,10000.0,136672.0,89088.0
102710.KQ,이엔에프테크놀로지,KOSDAQ,593659559936,,,,,,64000.0,15100.0,207272.0,195676.0
041520.KQ,이엘씨,KOSDAQ,79898165248,,,,,,10070.0,4495.0,10200.0,19276.0
063760.KQ,이엘피,KOSDAQ,19082434560,,,,2.23,0.656,2500.0,1819.0,109961.0,108646.0
123570.KQ,이엠넷,KOSDAQ,42279194624,,,,,,2890.0,1911.0,9404.0,41094.0
083470.KQ,이엠앤아이,KOSDAQ,18223439872,,,,,,1593.0,747.0,70939.0,946646.0
095190.KQ,이엠코리아,KOSDAQ,130520924160,,,,,,2950.0,1551.0,81248.0,192737.0
091120.KQ,이엠텍,KOSDAQ,143775793152,,,,,,30700.0,7450.0,132420.0,53669.0
039030.KQ,이오테크닉스,KOSDAQ,3001333841920,,,,0.2,1.262,301500.0,111200.0,124203.0,133226.0
294090.KQ,이오플로우,KOSDAQ,52267864064,,,,,0.124,11930.0,1455.0,0.0,0.0
088290.KQ,이원컴포텍,KOSDAQ,36609781760,,,,,-0.422,1780.0,829.0,92510.0,102980.0
353810.KQ,이지바이오,KOSDAQ,206762000384,,,,,,6900.0,3590.0,456085.0,275261.0
099750.KQ,이지케어텍,KOSDAQ,108878807040,,,,,0.749,20750.0,15320.0,9782.0,25534.0
377330.KQ,이지트로닉스,KOSDAQ,28947378176,,,,4.1,0.784,5990.0,3500.0,7190.0,122796.0
035810.KQ,이지홀딩스,KOSDAQ,300645416960,,,,5.36,0.641,4730.0,2605.0,229667.0,182568.0
092130.KQ,이크레더블,KOSDAQ,208233840640,,,,,,17870.0,12310.0,7328.0,15355.0
134060.KQ,이퓨쳐,KOSDAQ,15387762688,,,,6.14,0.299,4935.0,3880.0,8215.0,8181.0
001840.KQ,이화공영,KOSDAQ,36007133184,,,,,0.675,3590.0,1300.0,0.0,0.0
041830.KQ,인바디,KOSDAQ,346260045824,,,,,,32650.0,20700.0,34535.0,75599.0
352940.KQ,인바이오,KOSDAQ,23691651072,,,,,0.908,2800.0,1965.0,14725.0,11620.0
079950.KQ,인베니아,KOSDAQ,2669274880,,,,,,3320.0,490.0,0.0,64805.0
389470.KQ,인벤티지랩,KOSDAQ,747910397952,,,,,,75900.0,11110.0,812373.0,653976.0
277410.KQ,인산가,KOSDAQ,44591038464,,,,1.69,0.318,1700.0,1120.0,103298.0,100416.0
060150.KQ,인선이엔티,KOSDAQ,181783838720,,,,,,6190.0,3905.0,59859.0,79924.0
033230.KQ,인성정보,KOSDAQ,90693853184,,,,,0.025,2825.0,1411.0,571460.0,1644350.0
450520.KQ,인스웨이브,KOSDAQ,54333415424,,,,,1.782,6220.0,2745.0,20954.0,157581.0
465480.KQ,인스피언,KOSDAQ,55554990080,,,,,,11140.0,5310.0,18538.0,191656.0
037330.KQ,인지디스플레,KOSDAQ,55399747584,,,,,,1620.0,1205.0,19369.0,57718.0
100030.KQ,인지소프트,KOSDAQ,60983799808,,,,4.92,0.303,23700.0,14880.0,31221.0,14940.0
211050.KQ,인카금융서비스,KOSDAQ,646606684160,,,,0.75,-0.019,15320.0,5060.0,96380.0,144381.0
083640.KQ,인콘,KOSDAQ,20665794560,,,,,,2030.0,267.0,100082.0,211997.0
064090.KQ,인크레더블버즈,KOSDAQ,57651838976,,,,,,4620.0,1130.0,154665.0,313737.0
216050.KQ,인크로스,KOSDAQ,80749568000,,,,3.62,0.4,9410.0,6160.0,19848.0,35520.0
049070.KQ,인탑스,KOSDAQ,208848027648,,,,1.52,1.136,22700.0,13090.0,32230.0,54423.0
119610.KQ,인터로조,KOSDAQ,178932531200,,,,1.96,0.251,24900.0,14870.0,12423.0,28990.0
017250.KQ,인터엠,KOSDAQ,20407431168,,,,,0.356,1338.0,922.0,39574.0,39235.0
051370.KQ,인터플렉스,KOSDAQ,236307283968,,,,,0.405,11420.0,7090.0,600439.0,177227.0
064290.KQ,인텍플러스,KOSDAQ,135566319616,,,,,2.045,21250.0,7980.0,218211.0,436117.0
189300.KQ,인텔리안테크,KOSDAQ,418181545984,,,,,,54900.0,30800.0,27987.0,71619.0
287840.KQ,인투셀,KOSDAQ,910157873152,,,,,,65000.0,21400.0,951736.0,574172.0
150840.KQ,인트로메딕,KOSDAQ,251537719296,,,,,,6050.0,5830.0,,
048530.KQ,인트론바이오,KOSDAQ,117920153600,,,,2.68,0.611,6060.0,3135.0,135923.0,280389.0
115310.KQ,인포바인,KOSDAQ,99791052800,,,,1.78,0.516,92300.0,19000.0,1747.0,15060.0
039290.KQ,인포뱅크,KOSDAQ,43150168064,,,,,,9520.0,5100.0,16579.0,67802.0
071200.KQ,인피니트헬스케어,KOSDAQ,142846001152,,,,,,8100.0,3885.0,0.0,44690.0
101930.KQ,인화정공,KOSDAQ,442502447104,,,,2.09,1.065,64500.0,25350.0,10889.0,37397.0
333430.KQ,일승,KOSDAQ,188072574976,,,,,0.316,10430.0,3360.0,199785.0,3391429.0
068330.KQ,일신바이오,KOSDAQ,77185359872,,,,,,2330.0,948.0,49141297.0,1973234.0
178780.KQ,일월지엠엘,KOSDAQ,49125699584,,,,,-0.027,8650.0,2460.0,50544.0,31643.0
019540.KQ,일지테크,KOSDAQ,53447094272,,,,,,4700.0,3410.0,91583.0,41768.0
094820.KQ,일진파워,KOSDAQ,154730070016,,,,,,13790.0,6900.0,55568.0,121937.0
950140.KQ,잉글우드랩,KOSDAQ,257288863744,,,,0.77,0.55,16910.0,6410.0,214499.0,308666.0
049550.KQ,잉크테크,KOSDAQ,56956231680,,,,,0.684,3970.0,2850.0,4313.0,6195.0
389020.KQ,자람테크놀로지,KOSDAQ,192749371392,,,,,,56400.0,26800.0,29148.0,72817.0
254120.KQ,자비스,KOSDAQ,45515436032,,,,,1.681,2165.0,1150.0,95859.0,213244.0
043910.KQ,자연과환경,KOSDAQ,69734514688,,,,,,1083.0,509.0,513203.0,708544.0
234920.KQ,자이글,KOSDAQ,71289520128,,,,,,6880.0,2965.0,0.0,295721.0
289220.KQ,자이언트스텝,KOSDAQ,101409038336,,,,,1.166,8650.0,4515.0,18926.0,61629.0
174880.KQ,장원테크,KOSDAQ,0,,,,,,2650.0,530.0,,
049630.KQ,재영솔루텍,KOSDAQ,183195598848,,,,,0.867,2285.0,593.0,11523029.0,18421834.0
417840.KQ,저스템,KOSDAQ,63241895936,,,,,0.419,14810.0,4925.0,109154.0,100427.0
110020.KQ,전진바이오팜,KOSDAQ,23099842560,,,,,-0.67,4480.0,2140.0,74490.0,59106.0
208140.KQ,정다운,KOSDAQ,88574279680,,,,9.23,0.658,3070.0,2400.0,135328.0,82228.0
040420.KQ,정상제이엘에스,KOSDAQ,97549983744,,,,8.12,0.09,6850.0,5490.0,27282.0,21929.0
045510.KQ,정원엔시스,KOSDAQ,30094837760,,,,,,1365.0,685.0,20168.0,60650.0
217190.KQ,제너셈,KOSDAQ,116542324736,,,,0.85,1.201,12240.0,5930.0,99072.0,95233.0
095700.KQ,제넥신,KOSDAQ,223532564480,,,,,0.643,7190.0,3510.0,159807.0,261627.0
122310.KQ,제노레이,KOSDAQ,55637946368,,,,3.97,0.35,6290.0,4475.0,4841.0,16253.0
361390.KQ,제노코,KOSDAQ,127787458560,,,,,-0.18,21850.0,12060.0,23511.0,30351.0
225220.KQ,제놀루션,KOSDAQ,37307465728,,,,,-0.03,3030.0,1980.0,55181.0,165013.0
123330.KQ,제닉,KOSDAQ,140061884416,,,,,1.469,44100.0,14210.0,36834.0,78191.0
381620.KQ,제닉스로보틱스,KOSDAQ,182056517632,,,,,,19940.0,6500.0,539646.0,2875424.0
159580.KQ,제로투세븐,KOSDAQ,79930220544,,,,1.25,0.879,7900.0,3815.0,56702.0,56029.0
147830.KQ,제룡산업,KOSDAQ,113188200448,,,,3.38,1.256,8510.0,4505.0,51127.0,117971.0
033100.KQ,제룡전기,KOSDAQ,538090700800,,,,2.99,0.586,64200.0,26450.0,111343.0,139210.0
079370.KQ,제우스,KOSDAQ,388077322240,,,,,,17160.0,10210.0,158232.0,270288.0
054950.KQ,제이브이엠,KOSDAQ,284493807616,,,,2.02,0.359,34500.0,16970.0,79253.0,118643.0
023440.KQ,제이스코홀딩스,KOSDAQ,55510274048,,,,,,2250.0,632.0,1128202.0,1395701.0
090470.KQ,제이스텍,KOSDAQ,81892941824,,,,,,5740.0,2965.0,415594.0,114190.0
137950.KQ,제이씨케미칼,KOSDAQ,69931941888,,,,4.63,0.787,4490.0,3060.0,39458.0,44316.0
033320.KQ,제이씨현시스템,KOSDAQ,78779441152,,,,,0.341,7580.0,3575.0,72933.0,159559.0
417500.KQ,제이아이테크,KOSDAQ,91965972480,,,,3.4,0.639,4250.0,2645.0,74981.0,132646.0
204270.KQ,제이앤티씨,KOSDAQ,1063317536768,,,,,1.408,30100.0,12150.0,259589.0,436751.0
127120.KQ,제이에스링크,KOSDAQ,558554808320,,,,,-0.361,26000.0,3410.0,594891.0,378490.0
026040.KQ,제이에스티나,KOSDAQ,39893786624,,,,,0.734,5720.0,1391.0,42985.0,703773.0
452160.KQ,제이엔비,KOSDAQ,57315512320,,,,,-0.18,10250.0,3810.0,45315.0,504901.0
126880.KQ,제이엔케이글로벌,KOSDAQ,90934886400,,,,,,5520.0,2840.0,71492.0,403416.0
322510.KQ,제이엘케이,KOSDAQ,106547888128,,,,,1.284,9700.0,4070.0,89400.0,102528.0
033050.KQ,제이엠아이,KOSDAQ,25694337024,,,,,0.608,958.0,717.0,12098.0,33738.0
094970.KQ,제이엠티,KOSDAQ,46793973760,,,,,,3310.0,2050.0,151212.0,331566.0
418550.KQ,제이오,KOSDAQ,207849390080,,,,,2.593,18700.0,6940.0,69326.0,102291.0
060230.KQ,제이케이시냅스,KOSDAQ,18417111040,,,,,,11490.0,2400.0,41134.0,130405.0
420570.KQ,제이투케이바이오,KOSDAQ,49528180736,,,,2.36,,16340.0,7840.0,79127.0,18329.0
089790.KQ,제이티,KOSDAQ,36967739392,,,,,1.267,6650.0,3025.0,75863.0,670507.0
0010V0.KQ,제이피아이헬스케어,KOSDAQ,84136992768,,,,,,30000.0,15420.0,55490.0,600309.0
052670.KQ,제일바이오,KOSDAQ,0,,,,,,3120059.2,2080.0,,
412540.KQ,제일엠앤에스,KOSDAQ,81063616512,,,,,,8480.0,3845.0,0.0,0.0
199820.KQ,제일일렉트릭,KOSDAQ,203313004544,,,,1.09,1.185,15120.0,7090.0,163745.0,337541.0
038010.KQ,제일테크노스,KOSDAQ,51808681984,,,,1.93,0.895,7990.0,5510.0,16904.0,87720.0
080220.KQ,제주반도체,KOSDAQ,605285384192,,,,,,24150.0,7710.0,431519.0,1272834.0
216080.KQ,제테마,KOSDAQ,205827899392,,,,,0.444,10375.0,5370.0,126843.0,103833.0
337930.KQ,젝시믹스,KOSDAQ,136215027712,,,,5.88,1.276,7620.0,4260.0,45534.0,128424.0
229000.KQ,젠큐릭스,KOSDAQ,25756284928,,,,,0.672,2635.0,1131.0,148321.0,202381.0
082270.KQ,젬백스,KOSDAQ,1639385792512,,,,,,72700.0,13420.0,308779.0,340025.0
034940.KQ,조아제약,KOSDAQ,31940202496,,,,,0.577,1420.0,797.0,80840.0,683178.0
067000.KQ,조이시티,KOSDAQ,141904003072,,,,,0.884,2800.0,1361.0,4493847.0,863834.0
309930.KQ,조이웍스앤코,KOSDAQ,51218538496,,,,,0.608,3750.0,1512.0,18270.0,127266.0
033340.KQ,좋은사람들,KOSDAQ,136215535616,,,,,0.08,2925.0,576.0,988554.0,6601111.0
036930.KQ,주성엔지니어링,KOSDAQ,1220027613184,,,,,,43400.0,25850.0,266298.0,413013.0
072020.KQ,중앙백신,KOSDAQ,91247198208,,,,1.74,0.552,10500.0,9000.0,13480.0,17623.0
000440.KQ,중앙에너비스,KOSDAQ,68813119488,,,,,,26250.0,12210.0,11448.0,42486.0
051980.KQ,중앙첨단소재,KOSDAQ,274255331328,,,,,1.138,9950.0,1990.0,2518717.0,4587298.0
228760.KQ,지노믹트리,KOSDAQ,629243904000,,,,,0.088,27350.0,11390.0,163439.0,186996.0
314130.KQ,지놈앤컴퍼니,KOSDAQ,90458849280,,,,,1.183,3495.0,2170.0,147933.0,306672.0
389030.KQ,지니너스,KOSDAQ,54496911360,,,,,0.945,2935.0,1080.0,631530.0,1055334.0
263860.KQ,지니언스,KOSDAQ,152559796224,,,,1.42,0.905,30000.0,8580.0,13138.0,58661.0
303030.KQ,지니틱스,KOSDAQ,25730029568,,,,,0.767,1400.0,715.0,67501.0,136937.0
036180.KQ,지더블유바이텍,KOSDAQ,53929033728,,,,,,577.0,577.0,0.0,0.0
208350.KQ,지란지교시큐리티,KOSDAQ,24091297792,,,,,0.552,3285.0,2500.0,27863.0,39919.0
446840.KQ,지슨,KOSDAQ,82621366272,,,,,,2330.0,1493.0,97775.0,282534.0
144510.KQ,지씨셀,KOSDAQ,349381033984,,,,,1.286,26950.0,16940.0,29670.0,55455.0
340450.KQ,지씨지놈,KOSDAQ,147107921920,,,,,,15180.0,6210.0,42174.0,85973.0
358570.KQ,지아이이노베이션,KOSDAQ,1091908534272,,,,,,24900.0,6809.091,579929.0,798562.0
382480.KQ,지아이텍,KOSDAQ,75180662784,,,,0.56,0.995,3050.0,1794.0,80605.0,261945.0
382800.KQ,지앤비에스 에코,KOSDAQ,84829724672,,,,,0.845,4500.0,2410.0,75970.0,104790.0
051160.KQ,지어소프트,KOSDAQ,89499942912,,,,,1.69,12660.0,6510.0,23572.0,58212.0
053050.KQ,지에스이,KOSDAQ,74669113344,,,,1.61,-0.464,3950.0,2490.0,174233.0,122336.0
388610.KQ,지에프씨생명과학,KOSDAQ,69231419392,,,,,1.634,40000.0,10300.0,104303.0,151901.0
119850.KQ,지엔씨에너지,KOSDAQ,440850513920,,,,0.35,0.879,46750.0,7820.0,471568.0,708105.0
065060.KQ,지엔코,KOSDAQ,17649328128,,,,,,3140.0,725.0,1413960.0,717919.0
204840.KQ,지엘팜텍,KOSDAQ,90511056896,,,,,0.932,1844.0,900.0,121307.0,262736.0
311320.KQ,지오엘리먼트,KOSDAQ,77453402112,,,,0.81,0.62,8880.0,5900.0,25594.0,38376.0
456160.KQ,지투지바이오,KOSDAQ,1360841932800,,,,,,107700.0,27566.666,1313931.0,1944319.0
388050.KQ,지투파워,KOSDAQ,143875555328,,,,,,12450.0,5550.0,115926.0,327205.0
018120.KQ,진로발효,KOSDAQ,124083077120,,,,,,20500.0,16020.0,1967.0,2218.0
109820.KQ,진매트릭스,KOSDAQ,50409512960,,,,,1.536,4040.0,2200.0,74957.0,581317.0
086060.KQ,진바이오텍,KOSDAQ,33667395584,,,,,,5790.0,3015.0,67860.0,215178.0
036890.KQ,진성티이씨,KOSDAQ,231831699456,,,,1.72,1.304,13890.0,7780.0,108556.0,150147.0
363250.KQ,진시스템,KOSDAQ,41127514112,,,,,0.511,11480.0,4625.0,60120.0,42627.0
007370.KQ,진양제약,KOSDAQ,59547541504,,,,2.98,0.259,8840.0,4980.0,30665.0,41687.0
285800.KQ,진영,KOSDAQ,31022123008,,,,,-0.318,3830.0,1726.0,35977.0,60762.0
085660.KQ,차바이오텍,KOSDAQ,959148589056,,,,,0.468,16020.0,9260.0,545300.0,377422.0
261780.KQ,차백신연구소,KOSDAQ,70252617728,,,,,0.669,3740.0,2360.0,53271.0,120288.0
351870.KQ,차이커뮤니케이션,KOSDAQ,50328412160,,,,,0.232,14580.0,4450.0,11912.0,15461.0
094850.KQ,참좋은여행,KOSDAQ,87589019648,,,,,,8600.0,4960.0,1522805.0,505009.0
004650.KQ,창해에탄올,KOSDAQ,76708118528,,,,5.93,0.374,11350.0,8580.0,25619.0,18087.0
278280.KQ,천보,KOSDAQ,536220008448,,,,,,80600.0,30050.0,31810.0,71939.0
362320.KQ,청담글로벌,KOSDAQ,142144274432,,,,,0.626,11280.0,4530.0,685885.0,1133066.0
066360.KQ,체리부로,KOSDAQ,34045931520,,,,,0.714,1111.0,702.0,121617.0,323314.0
047820.KQ,초록뱀미디어,KOSDAQ,119656071168,,,,,0.762,8100.0,4110.0,40496.0,156849.0
094360.KQ,칩스앤미디어,KOSDAQ,281195872256,,,,,,22950.0,11250.0,58882.0,102124.0
016920.KQ,카스,KOSDAQ,26294521856,,,,,,3380.0,1021.0,79095.0,93278.0
284620.KQ,카이노스메드,KOSDAQ,35557257216,,,,,1.263,3655.0,960.0,0.0,0.0
293490.KQ,카카오게임즈,KOSDAQ,1287595229184,,,,,0.407,23600.0,12900.0,124511.0,185417.0
140430.KQ,카티스,KOSDAQ,64397475840,,,,,0.05,4605.0,1700.0,678024.0,1892995.0
042000.KQ,카페24,KOSDAQ,739851960320,,,,,1.497,69700.0,30200.0,72868.0,104856.0
313760.KQ,캐리,KOSDAQ,18069135360,,,,,0.637,7100.0,1422.0,869242.0,206786.0
317530.KQ,캐리소프트,KOSDAQ,38580436992,,,,,1.663,8070.0,3305.0,22376.0,33408.0
071850.KQ,캐스텍코리아,KOSDAQ,39181414400,,,,,0.555,2220.0,1370.0,15169.0,13237.0
198080.KQ,캐프,KOSDAQ,47592755200,,,,,0.504,2980.0,1970.0,88139.0,151163.0
210120.KQ,캔버스엔,KOSDAQ,29028974592,,,,,1.875,7600.0,1046.0,622670.0,1909551.0
050110.KQ,캠시스,KOSDAQ,50095411200,,,,,,1209.0,627.0,76777.0,190072.0
452300.KQ,캡스톤파트너스,KOSDAQ,35815919616,,,,1.02,0.725,4130.0,2400.0,111264.0,147587.0
451760.KQ,컨텍,KOSDAQ,125651992576,,,,,-0.036,12590.0,7500.0,22608.0,34124.0
900310.KQ,컬러레이,KOSDAQ,37976715264,,,,,0.964,948.0,525.0,251385.0,725435.0
078340.KQ,컴투스,KOSDAQ,350077288448,,,,4.24,0.468,54000.0,30350.0,55480.0,41058.0
063080.KQ,컴투스홀딩스,KOSDAQ,119368597504,,,,,,46200.0,17890.0,8841.0,11660.0
307930.KQ,컴퍼니케이,KOSDAQ,86947700736,,,,,1.843,9190.0,4300.0,42981.0,234095.0
079190.KQ,케스피온,KOSDAQ,18531581952,,,,,,715.0,418.0,84402.0,771077.0
263700.KQ,케어랩스,KOSDAQ,63922933760,,,,,0.293,6300.0,1980.0,54798.0,122629.0
214370.KQ,케어젠,KOSDAQ,3821695401984,,,,,,78700.0,21950.0,718337.0,160738.0
221980.KQ,케이디켐,KOSDAQ,38759518208,,,,4.83,0.543,12170.0,10000.0,2578.0,1977.0
038530.KQ,케이바이오,KOSDAQ,28296726528,,,,,,380.0,209.0,1258776.0,2345817.0
192250.KQ,케이사인,KOSDAQ,70255321088,,,,1.95,1.121,15630.0,6510.0,27879.0,356148.0
431190.KQ,케이쓰리아이,KOSDAQ,37881397248,,,,,,7450.0,3755.0,320715.0,1025170.0
115500.KQ,케이씨에스,KOSDAQ,114479996928,,,,1.89,0.815,16380.0,6520.0,36722.0,184447.0
089150.KQ,케이씨티,KOSDAQ,53422252032,,,,,,5380.0,1963.0,67023.0,797142.0
025880.KQ,케이씨피드,KOSDAQ,42777718784,,,,,,3840.0,2450.0,30345.0,56192.0
093320.KQ,케이아이엔엑스,KOSDAQ,409680084992,,,,,,102000.0,63800.0,24245.0,17926.0
093640.KQ,케이알엠,KOSDAQ,111084216320,,,,,,5330.0,2555.0,70981.0,60447.0
073010.KQ,케이에스피,KOSDAQ,186322665472,,,,,,8260.0,3490.0,197247.0,2163050.0
105330.KQ,케이엔더블유,KOSDAQ,90461298688,,,,,,6160.0,2920.0,22681.0,76797.0
053080.KQ,케이엔솔,KOSDAQ,143968894976,,,,2.7,1.433,15600.0,9870.0,51091.0,46659.0
199430.KQ,케이엔알시스템,KOSDAQ,233219686400,,,,,,35900.0,5350.0,338190.0,1340010.0
432470.KQ,케이엔에스,KOSDAQ,87276978176,,,,,,17070.0,9360.0,16535.0,58586.0
272110.KQ,케이엔제이,KOSDAQ,184055005184,,,,,1.305,32600.0,11550.0,173424.0,197141.0
039420.KQ,케이엘넷,KOSDAQ,57885106176,,,,3.56,0.57,3920.0,2350.0,22144.0,89876.0
083550.KQ,케이엠,KOSDAQ,45214302208,,,,,,3840.0,2476.1904,68488.0,48485.0
032500.KQ,케이엠더블유,KOSDAQ,575013584896,,,,,0.885,18860.0,6750.0,166127.0,241861.0
225430.KQ,케이엠제약,KOSDAQ,16425450496,,,,,0.361,793.0,510.0,1173717.0,113689.0
102370.KQ,케이옥션,KOSDAQ,111190204416,,,,,1.491,5630.0,2970.0,198770.0,230664.0
068100.KQ,케이웨더,KOSDAQ,27060813824,,,,,,4470.0,2495.0,28981.0,125487.0
106080.KQ,케이이엠텍,KOSDAQ,29214906368,,,,,0.199,5390.0,1065.0,1237528.0,2422055.0
455180.KQ,케이지에이,KOSDAQ,47518052352,,,,,,7820.0,3750.0,92677.0,712640.0
036030.KQ,케이티알파,KOSDAQ,282350256128,,,,,1.356,5900.0,3260.0,48809.0,65170.0
064820.KQ,케이프,KOSDAQ,322494103552,,,,,,16700.0,4955.0,168332.0,1644167.0
024880.KQ,케이피에프,KOSDAQ,103524564992,,,,2.8,0.508,5980.0,3335.0,48975.0,170106.0
042040.KQ,케이피엠테크,KOSDAQ,40977489920,,,,,,393.0,201.0,307869.0,525896.0
054410.KQ,케이피티유,KOSDAQ,19813496832,,,,,0.715,3985.0,2840.0,10061.0,11031.0
258610.KQ,케일럼,KOSDAQ,38360182784,,,,,0.742,2550.0,1011.0,23514.0,156933.0
274090.KQ,켄코아에어로스페이스,KOSDAQ,135241023488,,,,,0.698,17890.0,8780.0,55864.0,71465.0
089010.KQ,켐트로닉스,KOSDAQ,409899368448,,,,,,45400.0,13220.0,551625.0,1189947.0
220260.KQ,켐트로스,KOSDAQ,101718261760,,,,,1.151,5800.0,2920.0,45453.0,77253.0
052400.KQ,코나아이,KOSDAQ,658142593024,,,,1.49,0.636,86000.0,14030.0,69343.0,167294.0
402030.KQ,코난테크놀로지,KOSDAQ,243750584320,,,,,,47000.0,18480.0,29583.0,59460.0
391710.KQ,코닉오토메이션,KOSDAQ,88751521792,,,,,0.548,3420.0,1257.0,269106.0,5583249.0
046070.KQ,코다코,KOSDAQ,158832295936,,,,,,541.0526,257.0,,
047770.KQ,코데즈컴바인,KOSDAQ,108340379648,,,,,,4340.0,1250.0,1050061.0,6952965.0
080530.KQ,코디,KOSDAQ,63317843968,,,,,-0.079,1798.0,1010.0,37118.0,74320.0
104540.KQ,코렌텍,KOSDAQ,64951558144,,,,,0.746,7880.0,4685.0,21600.0,76581.0
027050.KQ,코리아나,KOSDAQ,71724998656,,,,,,3740.0,2000.0,1441791.0,872286.0
190650.KQ,코리아에셋투자증권,KOSDAQ,44077199360,,,,7.97,0.423,8590.0,5150.0,6477.0,10632.0
123410.KQ,코리아에프티,KOSDAQ,175120269312,,,,2.38,0.676,7370.0,4050.0,234976.0,590907.0
036690.KQ,코맥스,KOSDAQ,0,,,,,,2885.0,2885.0,,
049430.KQ,코메론,KOSDAQ,112753844224,,,,,,13600.0,9020.0,52272.0,21513.0
183300.KQ,코미코,KOSDAQ,830703730688,,,,1.21,1.502,128500.0,31550.0,121899.0,130241.0
041960.KQ,코미팜,KOSDAQ,433222090752,,,,,,7060.0,3740.0,143805.0,183327.0
089890.KQ,코세스,KOSDAQ,417640251392,,,,,,32600.0,5770.0,219312.0,274421.0
360350.KQ,코셈,KOSDAQ,36252356608,,,,,,9480.0,6250.0,10798.0,13876.0
082660.KQ,코스나인,KOSDAQ,47827116032,,,,,,480.0,480.0,0.0,0.0
222040.KQ,코스맥스엔비티,KOSDAQ,68447604736,,,,,0.566,5960.0,2860.0,99427.0,44475.0
241710.KQ,코스메카코리아,KOSDAQ,772164026368,,,,0.14,1.164,81400.0,38800.0,72966.0,96539.0
355150.KQ,코스텍시스,KOSDAQ,81341562880,,,,,,15630.0,4200.0,68245.0,131564.0
166480.KQ,코아스템켐온,KOSDAQ,37352185856,,,,,0.55,15570.0,1014.0,2339715.0,542665.0
045970.KQ,코아시아,KOSDAQ,124507602944,,,,,,7850.0,2625.0,214133.0,553520.0
196450.KQ,코아시아씨엠,KOSDAQ,36382543872,,,,,0.008,1145.0,547.0,47837.0,379687.0
384470.KQ,코어라인소프트,KOSDAQ,59742543872,,,,,0.526,11650.0,3300.0,89910.0,192935.0
102940.KQ,코오롱생명과학,KOSDAQ,539174993920,,,,,,44550.0,17600.0,224269.0,60759.0
950160.KQ,코오롱티슈진,KOSDAQ,5304061788160,,,,,,65700.0,15880.0,2381495.0,486765.0
033290.KQ,코웰패션,KOSDAQ,106816790528,,,,,0.044,2360.0,1826.0,29395.0,71955.0
056360.KQ,코위버,KOSDAQ,46822064128,,,,0.59,0.472,9690.0,3935.0,55258.0,286614.0
282880.KQ,코윈테크,KOSDAQ,163253534720,,,,1.38,1.027,19680.0,11233.01,42661.0,489309.0
121850.KQ,코이즈,KOSDAQ,1715758720,,,,,0.859,25000.0,565.0,0.0,31361.0
448710.KQ,코츠테크놀로지,KOSDAQ,77692862464,,,,0.88,1.37,28700.0,13000.0,39670.0,92221.0
126730.KQ,코칩,KOSDAQ,93975322624,,,,,,19720.0,7950.0,46362.0,443929.0
015710.KQ,코콤,KOSDAQ,59088654336,,,,,,5580.0,3405.0,10636.0,46716.0
052330.KQ,코텍,KOSDAQ,104519016448,,,,2.91,,10850.0,7300.0,24590.0,25885.0
322780.KQ,코퍼스코리아,KOSDAQ,51615756288,,,,,1.126,2200.0,711.0,285984.0,1136970.0
200130.KQ,콜마비앤에이치,KOSDAQ,367833972736,,,,2.95,0.449,20300.0,11030.0,62004.0,126481.0
294570.KQ,쿠콘,KOSDAQ,314551959552,,,,0.48,0.868,51400.0,12250.0,28755.0,156982.0
317690.KQ,퀀타매트릭스,KOSDAQ,69039013888,,,,,0.059,8120.0,2920.0,115980.0,655620.0
227100.KQ,퀀텀온,KOSDAQ,17521917952,,,,,1.004,1145.0,560.0,0.0,0.0
432720.KQ,퀄리타스반도체,KOSDAQ,189505060864,,,,,3.326,19610.0,5880.0,76321.0,215875.0
365270.KQ,큐라클,KOSDAQ,74479288320,,,,,1.742,9100.0,3600.0,197340.0,738273.0
348080.KQ,큐라티스,KOSDAQ,66624303104,,,,,-0.531,2095.0,516.0,248471.0,671962.0
060280.KQ,큐렉소,KOSDAQ,392409415680,,,,,,13120.0,5830.0,144390.0,462326.0
372320.KQ,큐로셀,KOSDAQ,577956478976,,,,,1.718,45500.0,19390.0,45914.0,68315.0
051780.KQ,큐로홀딩스,KOSDAQ,24055355392,,,,,,2010.0,509.0,72331.0,2372798.0
115180.KQ,큐리언트,KOSDAQ,878930362368,,,,,0.829,29950.0,3965.0,249613.0,285647.0
494120.KQ,큐리오시스,KOSDAQ,460928581632,,,,,,96400.0,45350.0,1985469.0,2875057.0
445680.KQ,큐리옥스바이오시스템즈,KOSDAQ,1308790620160,,,,,,84100.0,13200.0,244529.0,276740.0
182360.KQ,큐브엔터,KOSDAQ,178997886976,,,,,0.207,20750.0,12500.0,69114.0,68869.0
405100.KQ,큐알티,KOSDAQ,160049807360,,,,3.5,0.637,19290.0,9880.0,73686.0,171269.0
066310.KQ,큐에스아이,KOSDAQ,64018485248,,,,,,12440.0,5650.0,45319.0,147235.0
016600.KQ,큐캐피탈,KOSDAQ,41884803072,,,,,,332.0,217.0,178765.0,680052.0
355390.KQ,크라우드웍스,KOSDAQ,48884113408,,,,,0.135,18030.0,4530.0,63127.0,207414.0
096240.KQ,크레버스,KOSDAQ,104348459008,,,,,,15740.0,12250.0,20850.0,32410.0
040350.KQ,크레오에스지,KOSDAQ,51672776704,,,,,,682.0,256.0,1020354.0,2181768.0
110790.KQ,크리스에프앤씨,KOSDAQ,84278099968,,,,4.95,0.16,8130.0,3825.0,30497.0,38184.0
900250.KQ,크리스탈신소재,KOSDAQ,93407600640,,,,,0.779,1092.0,707.0,403786.0,534768.0
045520.KQ,크린앤사이언스,KOSDAQ,21073065984,,,,,,6090.0,3420.0,5057.0,7025.0
214150.KQ,클래시스,KOSDAQ,3621665112064,,,,0.46,0.575,74400.0,40000.0,187113.0,256092.0
466100.KQ,클로봇,KOSDAQ,893468999680,,,,,,49550.0,5660.0,879454.0,4927344.0
237880.KQ,클리오,KOSDAQ,234829955072,,,,2.99,0.58,22850.0,12980.0,56312.0,72574.0
139670.KQ,키네마스터,KOSDAQ,28519995392,,,,,1.247,3580.0,1826.0,22893.0,29059.0
475430.KQ,키스트론,KOSDAQ,78263959552,,,,,,10800.0,4300.0,23169.0,66787.0
487720.KQ,키움제10호스팩,KOSDAQ,8819550208,,,,,,3200.0,1930.0,4717.0,6812.0
489480.KQ,키움제11호스팩,KOSDAQ,13496999936,,,,,,4050.0,1911.0,419.0,7032.0
054780.KQ,키이스트,KOSDAQ,75910037504,,,,,,6270.0,3600.0,81691.0,247265.0
256940.KQ,킵스파마,KOSDAQ,183313498112,,,,,1.595,22150.0,4160.0,71880.0,121747.0
219130.KQ,타이거일렉,KOSDAQ,97555783680,,,,,,28900.0,9620.0,120919.0,97874.0
336680.KQ,탑런토탈솔루션,KOSDAQ,156582232064,,,,2.5,,6300.0,3800.0,74387.0,321375.0
360070.KQ,탑머티리얼,KOSDAQ,167988035584,,,,,2.001,46400.0,20350.0,25644.0,44792.0
065130.KQ,탑엔지니어링,KOSDAQ,48910905344,,,,,0.535,6100.0,3250.0,25348.0,33368.0
134580.KQ,탑코미디어,KOSDAQ,91724775424,,,,,,3155.0,1440.0,56899.0,1179372.0
023160.KQ,태광,KOSDAQ,574252777472,,,,,,32300.0,14590.0,199691.0,421192.0
323280.KQ,태성,KOSDAQ,1181903224832,,,,,1.197,44200.0,16440.0,738326.0,447207.0
053620.KQ,태양,KOSDAQ,48005017600,,,,3.32,,7180.0,5910.0,2214.0,4366.0
044490.KQ,태웅,KOSDAQ,464171204608,,,,,0.572,46000.0,9190.0,89329.0,236783.0
124560.KQ,태웅로직스,KOSDAQ,103085596672,,,,3.68,0.94,3780.0,2595.0,108421.0,824982.0
191420.KQ,테고사이언스,KOSDAQ,132588732416,,,,,,20500.0,11370.0,10553.0,13412.0
073640.KQ,테라사이언스,KOSDAQ,0,,,,,,654.0,654.0,,
066700.KQ,테라젠이텍스,KOSDAQ,99962044416,,,,,,3570.0,2370.0,61467.0,67990.0
095610.KQ,테스,KOSDAQ,670074863616,,,,,,51400.0,13090.0,459060.0,340998.0
064520.KQ,테크엘,KOSDAQ,35261235200,,,,,,2735.0,1544.0,15757.0,16044.0
089030.KQ,테크윙,KOSDAQ,1601173192704,,,,0.29,1.627,69050.0,26050.0,943104.0,927848.0
054450.KQ,텔레칩스,KOSDAQ,164145610752,,,,0.54,1.1,19700.0,9900.0,67256.0,152742.0
200230.KQ,텔콘RF제약,KOSDAQ,42431045632,,,,,0.893,4433.3335,949.0,771476.0,4541032.0
393210.KQ,토마토시스템,KOSDAQ,79670755328,,,,,,10200.0,3855.0,117817.0,516387.0
475960.KQ,토모큐브,KOSDAQ,553176727552,,,,,,54400.0,11960.0,271357.0,358364.0
215480.KQ,토박스코리아,KOSDAQ,19022682112,,,,,2.309,3730.0,2005.0,20073.0,21087.0
051360.KQ,토비스,KOSDAQ,212617805824,,,,2.12,0.452,22100.0,13860.0,98623.0,96649.0
045340.KQ,토탈소프트,KOSDAQ,57595609088,,,,,,14490.0,4275.0,63193.0,123018.0
108230.KQ,톱텍,KOSDAQ,160863125504,,,,,,6170.0,3630.0,57872.0,124161.0
079970.KQ,투비소프트,KOSDAQ,6789189632,,,,,,1184.0,550.0,0.0,0.0
199800.KQ,툴젠,KOSDAQ,582585745408,,,,,1.777,82900.0,26650.0,39748.0,72095.0
417790.KQ,트루엔,KOSDAQ,79455084544,,,,3.03,-0.235,11020.0,7500.0,16941.0,31028.0
290090.KQ,트윔,KOSDAQ,49977458688,,,,29.38,0.668,11700.0,6600.0,4396.0,8339.0
026150.KQ,특수건설,KOSDAQ,99136774144,,,,,,8560.0,5200.0,196471.0,67154.0
464280.KQ,티디에스팜,KOSDAQ,45375328256,,,,,,18790.0,8580.0,19229.0,23162.0
117730.KQ,티로보틱스,KOSDAQ,275157614592,,,,,1.072,25600.0,6240.0,675190.0,1373633.0
033830.KQ,티비씨,KOSDAQ,58517565440,,,,1.78,0.54,1028.0,598.0,133249.0,130267.0
057680.KQ,티사이언티픽,KOSDAQ,59065008128,,,,,,1649.0,702.0,268833.0,410222.0
204610.KQ,티쓰리,KOSDAQ,107429593088,,,,5.73,-0.228,2410.0,1381.0,1017979.0,278107.0
125020.KQ,티씨머티리얼즈,KOSDAQ,106101530624,,,,,-0.312,7850.0,3020.0,122760.0,203915.0
064760.KQ,티씨케이,KOSDAQ,1610633052160,,,,,,198500.0,66500.0,72622.0,70122.0
246710.KQ,티앤알바이오팹,KOSDAQ,43105804288,,,,,0.709,5675.0,1127.0,971278.0,1003943.0
340570.KQ,티앤엘,KOSDAQ,362836885504,,,,1.67,0.062,85600.0,43450.0,22208.0,35531.0
043220.KQ,티에스넥스젠,KOSDAQ,2722733056,,,,,,1710.0,157.0,0.0,0.0
277880.KQ,티에스아이,KOSDAQ,101839486976,,,,,0.728,7800.0,4445.0,77047.0,180494.0
131290.KQ,티에스이,KOSDAQ,497212456960,,,,,,58800.0,35000.0,168907.0,92666.0
425420.KQ,티에프이,KOSDAQ,429900201984,,,,,2.077,49300.0,12830.0,86378.0,204212.0
484810.KQ,티엑스알로보틱스,KOSDAQ,200089354240,,,,,,27150.0,10960.0,105235.0,733599.0
131100.KQ,티엔엔터테인먼트,KOSDAQ,38223306752,,,,,0.346,2270.0,1220.0,17623.0,36017.0
356860.KQ,티엘비,KOSDAQ,606692114432,,,,0.64,1.506,76900.0,10650.0,462232.0,633613.0
321550.KQ,티움바이오,KOSDAQ,178924830720,,,,,0.612,9450.0,2900.0,265703.0,289029.0
425040.KQ,티이엠씨,KOSDAQ,149856075776,,,,1.41,1.926,11440.0,5920.0,282964.0,223714.0
241790.KQ,티이엠씨씨엔에스,KOSDAQ,63040204800,,,,2.31,1.241,9520.0,4130.0,75048.0,70943.0
022220.KQ,티케이지애강,KOSDAQ,37343891456,,,,,0.365,1132.0,699.0,36227.0,113973.0
104480.KQ,티케이케미칼,KOSDAQ,151159095296,,,,,1.221,2145.0,1190.0,117186.0,325660.0
081150.KQ,티플랙스,KOSDAQ,69016002560,,,,,,3675.0,2645.0,71118.0,323302.0
130740.KQ,티피씨글로벌,KOSDAQ,19294398464,,,,,0.638,2650.0,1601.0,32549.0,281043.0
084730.KQ,팅크웨어,KOSDAQ,78632402944,,,,,0.771,11180.0,7370.0,7656.0,24412.0
440110.KQ,파두,KOSDAQ,1100766642176,,,,,1.348,27500.0,8700.0,645538.0,799822.0
288330.KQ,파라택시스코리아,KOSDAQ,83728875520,,,,,1.84,9280.0,671.0,424727.0,882378.0
033540.KQ,파라텍,KOSDAQ,41276456960,,,,,,2060.0,1053.0,68680.0,569709.0
388870.KQ,파로스아이바이오,KOSDAQ,100589895680,,,,,,9740.0,4630.0,5892047.0,501279.0
043200.KQ,파루,KOSDAQ,38282141696,,,,,0.622,1947.0,486.0,201609.0,461573.0
214450.KQ,파마리서치,KOSDAQ,4789627781120,,,,0.24,0.433,713000.0,192100.0,78320.0,125713.0
208340.KQ,파멥신,KOSDAQ,0,,,,,,2915.0,0.0,,
177830.KQ,파버나인,KOSDAQ,32909109248,,,,2.78,0.346,3420.0,2655.0,9571.0,70490.0
037070.KQ,파세코,KOSDAQ,141003620352,,,,1.42,,10590.0,4440.0,101367.0,64704.0
150900.KQ,파수,KOSDAQ,50698641408,,,,2.23,0.608,5630.0,4150.0,16178.0,89658.0
037030.KQ,파워넷,KOSDAQ,54956232704,,,,,0.95,3615.0,1927.0,150236.0,251057.0
047310.KQ,파워로직스,KOSDAQ,142781956096,,,,,,6740.0,3845.0,98073.0,166337.0
368770.KQ,파이버프로,KOSDAQ,210877743104,,,,1.02,0.403,8650.0,3460.0,59710.0,131027.0
170790.KQ,파이오링크,KOSDAQ,59940859904,,,,3.28,0.952,14350.0,6210.0,25623.0,295330.0
049120.KQ,파인디앤씨,KOSDAQ,42910515200,,,,,0.356,1310.0,812.0,12668.0,80815.0
038950.KQ,파인디지털,KOSDAQ,27227164672,,,,1.51,0.974,4125.0,2730.0,27402.0,13696.0
387570.KQ,파인메딕스,KOSDAQ,40673697792,,,,,,27000.0,6870.0,14564.0,141393.0
441270.KQ,파인엠텍,KOSDAQ,303176581120,,,,,,14060.0,3795.0,1272980.0,1882806.0
106240.KQ,파인테크닉스,KOSDAQ,21422454784,,,,,,2450.0,700.0,189081.0,440296.0
131760.KQ,파인텍,KOSDAQ,34962423808,,,,,0.803,1530.0,637.0,156357.0,533187.0
065690.KQ,파커스,KOSDAQ,12464201728,,,,,0.458,1615.0,862.0,152973.0,114513.0
140860.KQ,파크시스템스,KOSDAQ,1712477437952,,,,0.2,0.884,310000.0,181300.0,52083.0,40650.0
091700.KQ,파트론,KOSDAQ,333553074176,,,,,,7580.0,6230.0,166125.0,134056.0
032800.KQ,판타지오,KOSDAQ,24583763968,,,,,0.438,754.0,469.0,65029.0,316860.0
318010.KQ,팜스빌,KOSDAQ,27589382144,,,,2.8,-0.025,6010.0,3260.0,30735.0,32278.0
027710.KQ,팜스토리,KOSDAQ,128077422592,,,,,,1361.0,1002.0,279035.0,207447.0
225590.KQ,패션플랫폼,KOSDAQ,22534055936,,,,,0.575,1020.0,810.0,30751.0,56889.0
054300.KQ,팬스타엔터프라이즈,KOSDAQ,71093739520,,,,,0.58,1370.0,416.0,691652.0,2162955.0
068050.KQ,팬엔터테인먼트,KOSDAQ,49838456832,,,,,,4210.0,1800.0,71074.0,298168.0
222110.KQ,팬젠,KOSDAQ,75027734528,,,,,-0.14,7400.0,4305.0,14063.0,18753.0
271830.KQ,팸텍,KOSDAQ,48387870720,,,,,,2965.0,1330.0,323894.0,280254.0
263750.KQ,펄어비스,KOSDAQ,2318582677504,,,,,0.987,43450.0,26750.0,165619.0,220453.0
251970.KQ,펌텍코리아,KOSDAQ,673232388096,,,,0.77,,77000.0,31100.0,49612.0,61771.0
168360.KQ,펨트론,KOSDAQ,363787583488,,,,,1.927,24300.0,4780.0,136113.0,246203.0
087010.KQ,펩트론,KOSDAQ,8569430212608,,,,,,392500.0,76100.0,234987.0,209500.0
064800.KQ,포니링크,KOSDAQ,96301555712,,,,,0.662,1569.0,761.0,293934.0,312310.0
119500.KQ,포메탈,KOSDAQ,35067805696,,,,2.03,0.741,4970.0,2440.0,41548.0,102653.0
389140.KQ,포바이포,KOSDAQ,99135086592,,,,,,33100.0,3945.0,74955.0,222517.0
105760.KQ,포스뱅크,KOSDAQ,49727602688,,,,,,7940.0,5000.0,25139.0,76884.0
009520.KQ,포스코엠텍,KOSDAQ,621678624768,,,,,,17990.0,10420.0,254427.0,687215.0
189690.KQ,포시에스,KOSDAQ,54319648768,,,,2.43,-0.216,3215.0,1888.0,53860.0,119990.0
318020.KQ,포인트모바일,KOSDAQ,51176210432,,,,,0.208,5900.0,2590.0,33306.0,86107.0
256630.KQ,포인트엔지니어링,KOSDAQ,60165361664,,,,,0.829,1280.0,1019.0,2031.0,41077.0
331380.KQ,포커스에이아이,KOSDAQ,61908238336,,,,,0.148,2950.0,1470.0,394284.0,175604.0
208710.KQ,포톤,KOSDAQ,31424036864,,,,,0.894,5920.0,1600.0,71341.0,959319.0
472850.KQ,폰드그룹,KOSDAQ,261921406976,,,,4.94,,13440.0,4760.0,73186.0,67194.0
039980.KQ,폴라리스AI,KOSDAQ,138695114752,,,,,0.539,3730.0,1908.0,442026.0,1861492.0
041910.KQ,폴라리스AI파마,KOSDAQ,80364265472,,,,,,9800.0,4810.0,52022.0,273293.0
234100.KQ,폴라리스세원,KOSDAQ,72128757760,,,,,0.89,1846.0,940.0,116123.0,530542.0
041020.KQ,폴라리스오피스,KOSDAQ,233016983552,,,,,,7800.0,4410.0,259747.0,479235.0
114630.KQ,폴라리스우노,KOSDAQ,43005214720,,,,,0.908,559.0,458.0,107184.0,129397.0
290720.KQ,푸드나무,KOSDAQ,51011571712,,,,,0.139,3560.0,1867.0,3285.0,28459.0
005670.KQ,푸드웰,KOSDAQ,57418084352,,,,2.05,0.713,10220.0,4745.0,70427.0,185800.0
094940.KQ,푸른기술,KOSDAQ,56677867520,,,,,,10140.0,5770.0,103019.0,766264.0
057880.KQ,푸른소나무,KOSDAQ,0,,,,,,34800.0,1680.0,,
007330.KQ,푸른저축은행,KOSDAQ,121985630208,,,,,,12000.0,7680.0,13519.0,26143.0
093380.KQ,풍강,KOSDAQ,25121140736,,,,,,3350.0,2080.0,39147.0,11794.0
023900.KQ,풍국주정,KOSDAQ,116676001792,,,,1.73,,9880.0,8150.0,8685.0,13390.0
371950.KQ,풍원정밀,KOSDAQ,194203697152,,,,,0.588,13950.0,7230.0,19841.0,37252.0
370090.KQ,퓨런티어,KOSDAQ,94125129728,,,,,0.804,32700.0,11000.0,25816.0,31191.0
445180.KQ,퓨릿,KOSDAQ,134268805120,,,,1.52,0.821,10230.0,4610.0,103766.0,345469.0
151910.KQ,퓨처코어,KOSDAQ,4751793152,,,,,0.855,640.0,25.0,15634703.0,1466783.0
220100.KQ,퓨쳐켐,KOSDAQ,709311397888,,,,,1.387,34300.0,14900.0,1398915.0,896295.0
035200.KQ,프럼파스트,KOSDAQ,28230596608,,,,,,8500.0,2835.0,96031.0,65874.0
334970.KQ,프레스티지바이오로직스,KOSDAQ,225285324800,,,,,,6170.0,2800.0,66061.0,135847.0
321260.KQ,프로이천,KOSDAQ,48025161728,,,,,,2765.0,1705.0,169472.0,451959.0
053610.KQ,프로텍,KOSDAQ,289799995392,,,,1.24,,37900.0,19920.0,50651.0,42682.0
468530.KQ,프로티나,KOSDAQ,730101514240,,,,,,74400.0,13560.0,539870.0,1551856.0
303360.KQ,프로티아,KOSDAQ,74687848448.0,,,,,0.069,6300.0,2430.0,190974.0,140716.0
377220.KQ,프롬바이오,KOSDAQ,37652299776.0,,,,,0.21,3805.0,1310.0,48010.0,167712.0
335810.KQ,프리시젼바이오,KOSDAQ,36818046976.0,,,,,0.638,4500.0,2405.0,433215.0,73294.0
053160.KQ,프리엠스,KOSDAQ,37196206080.0,,,,0.72,,22800.0,6740.0,6528.0,22689.0
405000.KQ,플라즈맵,KOSDAQ,26168393728.0,,,,,1.992,16500.0,5220.0,1515.0,6241.0
041590.KQ,플래스크,KOSDAQ,0.0,,,,,,2367.2368,789.0,,
367000.KQ,플래티어,KOSDAQ,35248046080.0,,,,,,5200.0,3540.0,2435.0,9733.0
075130.KQ,플랜티넷,KOSDAQ,36392935424.0,,,,4.28,0.685,4220.0,1979.0,81323.0,82677.0
237820.KQ,플레이디,KOSDAQ,59774472192.0,,,,,1.186,7890.0,4475.0,22874.0,46372.0
023770.KQ,플레이위드,KOSDAQ,32787906560.0,,,,,,6810.0,2890.0,32572.0,208633.0
019570.KQ,플루토스,KOSDAQ,18220032000.0,,,,,,426.0,223.0,312249.0,734457.0
300080.KQ,플리토,KOSDAQ,266563026944.0,,,,,0.638,18420.0,3983.3333,194992.0,276476.0
033790.KQ,피노,KOSDAQ,90130112512.0,,,,,0.58,9070.0,3445.0,197311.0,247886.0
032580.KQ,피델릭스,KOSDAQ,37154353152.0,,,,,,1938.0,1063.0,123374.0,3220941.0
051380.KQ,피씨디렉트,KOSDAQ,28560857088.0,,,,2.52,,3200.0,1950.0,27318.0,288475.0
241820.KQ,피씨엘,KOSDAQ,839886784.0,,,,,1.743,6425.5317,295.0,0.0,0.0
452450.KQ,피아이이,KOSDAQ,258305458176.0,,,,,,14390.0,3605.0,387224.0,1359231.0
237750.KQ,피앤씨테크,KOSDAQ,28747454464.0,,,,2.26,0.677,5520.0,3280.0,6562.0,29551.0
460940.KQ,피앤에스로보틱스,KOSDAQ,144183656448.0,,,,0.23,,14460.0,3605.0,5062223.0,1047784.0
319660.KQ,피에스케이,KOSDAQ,863208079360.0,,,,1.34,1.495,41400.0,15550.0,363603.0,559988.0
031980.KQ,피에스케이홀딩스,KOSDAQ,963839131648.0,,,,,,61500.0,27700.0,144239.0,260300.0
002230.KQ,피에스텍,KOSDAQ,64022183936.0,,,,6.26,,5120.0,3715.0,4962.0,17569.0
043370.KQ,피에이치에이,KOSDAQ,210568019968.0,,,,,0.884,12090.0,9320.0,16567.0,24546.0
239890.KQ,피엔에이치테크,KOSDAQ,47592267776.0,,,,,0.644,9070.0,4480.0,39873.0,98945.0
347740.KQ,피엔케이피부임상연구센타,KOSDAQ,72348884992.0,,,,1.6,0.692,3300.0,1907.0,91933.0,115601.0
137400.KQ,피엔티,KOSDAQ,895996198912.0,,,,0.26,0.904,50700.0,29700.0,108613.0,242548.0
257370.KQ,피엔티엠에스,KOSDAQ,26413070336.0,,,,,0.221,5060.0,2105.0,24168.0,59076.0
147760.KQ,피엠티,KOSDAQ,33162889216.0,,,,,,3530.0,2105.0,38995.0,51522.0
128660.KQ,피제이메탈,KOSDAQ,65976958976.0,,,,5.64,0.448,3600.0,2575.0,6812.0,40719.0
006140.KQ,피제이전자,KOSDAQ,75068252160.0,,,,3.56,,7050.0,4070.0,14319.0,37384.0
376180.KQ,피코그램,KOSDAQ,48011698176.0,,,,3.85,1.338,4295.0,2010.0,51493.0,174726.0
304840.KQ,피플바이오,KOSDAQ,37789278208.0,,,,,,4600.0,1320.0,338319.0,470076.0
087600.KQ,픽셀플러스,KOSDAQ,37273698304.0,,,,,0.109,8490.0,5230.0,3280.0,8513.0
291810.KQ,핀텔,KOSDAQ,41569226752.0,,,,,0.748,5190.0,1610.0,1814164.0,258702.0
378340.KQ,필에너지,KOSDAQ,278981345280.0,,,,,,19660.0,11200.0,42346.0,81981.0
161580.KQ,필옵틱스,KOSDAQ,895155109888.0,,,,,1.164,59100.0,13600.0,302919.0,545988.0
347770.KQ,핌스,KOSDAQ,32159858688.0,,,,,1.15,2340.0,1395.0,61188.0,119937.0
163730.KQ,핑거,KOSDAQ,123943796736.0,,,,0.74,1.54,15990.0,8010.0,985828.0,195667.0
417180.KQ,핑거스토리,KOSDAQ,33691568128.0,,,,,,3990.0,1782.0,529179.0,300839.0
454640.KQ,하나29호스팩,KOSDAQ,11396110336.0,,,,,,2165.0,2010.0,28993.0,12537.0
469880.KQ,하나30호스팩,KOSDAQ,15048299520.0,,,,,,2085.0,1937.0,22556.0,9596.0
469900.KQ,하나31호스팩,KOSDAQ,11602350080.0,,,,,,2090.0,1980.0,9146.0,5918.0
475240.KQ,하나32호스팩,KOSDAQ,6704000000.0,,,,,,2195.0,2045.0,15751.0,4241.0
475250.KQ,하나33호스팩,KOSDAQ,7733000192.0,,,,,,2190.0,2000.0,13486.0,5358.0
484130.KQ,하나34호스팩,KOSDAQ,9288599552.0,,,,,,2115.0,1985.0,270.0,6851.0
0041L0.KQ,하나35호스팩,KOSDAQ,12035879936.0,,,,,,3075.0,1975.0,3796.0,23173.0
299030.KQ,하나기술,KOSDAQ,251839660032.0,,,,,1.542,35200.0,16500.0,227578.0,102654.0
067310.KQ,하나마이크론,KOSDAQ,1497745981440.0,,,,,,31100.0,8320.0,2372535.0,2207153.0
166090.KQ,하나머티리얼즈,KOSDAQ,727212359680.0,,,,0.66,1.13,49800.0,21850.0,149293.0,297882.0
136480.KQ,하림,KOSDAQ,309535637504.0,,,,,0.362,3905.0,2695.0,206611.0,332564.0
003380.KQ,하림지주,KOSDAQ,791706009600.0,,,,1.47,0.797,10810.0,5090.0,248534.0,322092.0
450330.KQ,하스,KOSDAQ,47407853568.0,,,,1.16,,12200.0,6020.0,16699.0,20699.0
101670.KQ,하이드로리튬,KOSDAQ,107460935680.0,,,,,,3695.0,1277.0,627984.0,3388125.0
365590.KQ,하이딥,KOSDAQ,68190568448.0,,,,,0.625,776.0,354.0,208073.0,971819.0
149980.KQ,하이로닉,KOSDAQ,74309140480.0,,,,,0.649,7090.0,4880.0,0.0,0.0
013030.KQ,하이록코리아,KOSDAQ,382300553216.0,,,,3.57,,41500.0,22900.0,55492.0,154632.0
126700.KQ,하이비젼시스템,KOSDAQ,182370975744.0,,,,2.74,0.675,23000.0,13740.0,81999.0,58491.0
450050.KQ,하이제8호스팩,KOSDAQ,10554470400.0,,,,,,2110.0,2005.0,58264.0,10595.0
160190.KQ,하이젠알앤엠,KOSDAQ,1274481606656.0,,,,,,70000.0,8100.0,146394.0,599520.0
221840.KQ,하이즈항공,KOSDAQ,40393207808.0,,,,,0.793,3430.0,1240.0,34845.0,68031.0
106190.KQ,하이텍팜,KOSDAQ,126208942080.0,,,,0.84,0.784,16430.0,11130.0,66904.0,33755.0
065650.KQ,하이퍼코퍼레이션,KOSDAQ,27348385792.0,,,,,1.573,11592.0,1424.0,49241.0,100453.0
066130.KQ,하츠,KOSDAQ,52251553792.0,,,,3.22,0.913,6430.0,4155.0,4530.0,26193.0
004590.KQ,한국가구,KOSDAQ,71999995904.0,,,,4.38,,6210.0,3735.0,36400.0,48241.0
039340.KQ,한국경제TV,KOSDAQ,91336859648.0,,,,,,6450.0,5070.0,6627.0,14014.0
034950.KQ,한국기업평가,KOSDAQ,443856650240.0,,,,3.97,0.195,107900.0,83900.0,4720.0,1946.0
222980.KQ,한국맥널티,KOSDAQ,34198730752.0,,,,,0.401,5000.0,3085.0,8839.0,110559.0
256840.KQ,한국비엔씨,KOSDAQ,378907688960.0,,,,,0.734,6310.0,3475.0,3891969.0,2179401.0
219750.KQ,한국비티비,KOSDAQ,,,,,,,12567.522,788.0,60393.0,80183.0
025550.KQ,한국선재,KOSDAQ,81002954752.0,,,,,1.021,6150.0,2810.0,120932.0,1563070.0
017890.KQ,한국알콜,KOSDAQ,208152936448.0,,,,1.07,0.559,10670.0,7430.0,56960.0,58326.0
080720.KQ,한국유니온제약,KOSDAQ,19700373504.0,,,,,0.232,2725.0,0.0,0.0,0.0
041460.KQ,한국전자인증,KOSDAQ,65790078976.0,,,,1.98,1.117,5260.0,2560.0,41300.0,86925.0
101680.KQ,한국정밀기계,KOSDAQ,17393731584.0,,,,,,4940.0,1994.0,18468.0,209054.0
039740.KQ,한국정보공학,KOSDAQ,23413719040.0,,,,,,3845.0,2235.0,10541.0,119977.0
053300.KQ,한국정보인증,KOSDAQ,238927773696.0,,,,2.51,0.881,10700.0,3790.0,171010.0,305827.0
025770.KQ,한국정보통신,KOSDAQ,276359118848.0,,,,,0.057,13610.0,7250.0,28377.0,42437.0
458610.KQ,한국제12호스팩,KOSDAQ,8925299712.0,,,,,0.061,2210.0,2040.0,15140.0,6817.0
464440.KQ,한국제13호스팩,KOSDAQ,9115199488.0,,,,,-0.06,2240.0,2005.0,22172.0,4182.0
479880.KQ,한국제15호스팩,KOSDAQ,14049149952.0,,,,,,2485.0,1978.0,53886.0,8917.0
062970.KQ,한국첨단소재,KOSDAQ,62269661184.0,,,,,0.67,11670.0,1533.0,269323.0,2813707.0
023760.KQ,한국캐피탈,KOSDAQ,254380032000.0,,,,,,923.0,522.0,270379.0,230295.0
054040.KQ,한국컴퓨터,KOSDAQ,65460502528.0,,,,5.65,0.464,5500.0,4000.0,38189.0,45396.0
021650.KQ,한국큐빅,KOSDAQ,36806451200.0,,,,3.75,,2615.0,1920.0,8772.0,12194.0
032300.KQ,한국파마,KOSDAQ,147676725248.0,,,,0.37,1.147,19900.0,12900.0,3450.0,7388.0
037230.KQ,한국팩키지,KOSDAQ,57484832768.0,,,,2.07,1.029,2690.0,1537.0,17981.0,60188.0
448900.KQ,한국피아이엠,KOSDAQ,287913705472.0,,,,,1.223,51800.0,11300.0,2808632.0,1070428.0
030520.KQ,한글과컴퓨터,KOSDAQ,530246238208.0,,,,,,35900.0,17330.0,91395.0,152246.0
052600.KQ,한네트,KOSDAQ,45214068736.0,,,,4.6,0.56,5830.0,3765.0,11453.0,43613.0
256150.KQ,한독크린텍,KOSDAQ,41908662272.0,,,,4.6,0.394,7180.0,5290.0,5703.0,9563.0
092460.KQ,한라IMS,KOSDAQ,247405969408.0,,,,,,22150.0,6930.0,154987.0,1045159.0
125490.KQ,한라캐스트,KOSDAQ,366483603456.0,,,,,,14190.0,4355.0,10743255.0,12399585.0
452190.KQ,한빛레이저,KOSDAQ,105141092352.0,,,,,-0.351,8180.0,2770.0,205232.0,473760.0
047080.KQ,한빛소프트,KOSDAQ,28669829120.0,,,,,-0.08,1494.0,1104.0,47779.0,41104.0
452280.KQ,한선엔지니어링,KOSDAQ,147104186368.0,,,,,,12540.0,5800.0,106075.0,794079.0
066980.KQ,한성크린텍,KOSDAQ,72081956864.0,,,,,1.352,1951.0,1068.0,911245.0,1700314.0
114810.KQ,한솔아이원스,KOSDAQ,344955551744.0,,,,,1.398,16980.0,5350.0,523740.0,482497.0
070590.KQ,한솔인티큐브,KOSDAQ,29169385472.0,,,,,,3060.0,894.0,31899.0,96367.0
042520.KQ,한스바이오메드,KOSDAQ,451297509376.0,,,,,1.685,38000.0,6180.0,667615.0,752442.0
430690.KQ,한싹,KOSDAQ,52842225664.0,,,,,0.171,7790.0,3290.0,88041.0,1635069.0
078350.KQ,한양디지텍,KOSDAQ,301865467904.0,,,,,,26500.0,7400.0,679709.0,419105.0
045100.KQ,한양이엔지,KOSDAQ,330174464000.0,,,,,,22400.0,14960.0,141501.0,79890.0
320000.KQ,한울반도체,KOSDAQ,65425694720.0,,,,,1.197,3335.0,1713.0,273669.0,323685.0
091440.KQ,한울소재과학,KOSDAQ,77728096256.0,,,,,,7620.0,1984.0,59417.0,160223.0
276730.KQ,한울앤제주,KOSDAQ,29993756672.0,,,,,0.752,3740.0,1700.0,39682.0,101329.0
024740.KQ,한일단조,KOSDAQ,70084100096.0,,,,,,3265.0,1889.0,101675.0,432681.0
005860.KQ,한일사료,KOSDAQ,122151419904.0,,,,1.61,-0.747,4290.0,3020.0,94572.0,148311.0
007770.KQ,한일화학,KOSDAQ,28782000128.0,,,,0.61,0.284,12330.0,7940.0,908.0,3020.0
198940.KQ,한주라이트메탈,KOSDAQ,26231371776.0,,,,,1.017,888.0,644.0,92157.0,69148.0
058450.KQ,한주에이알티,KOSDAQ,13479620608.0,,,,,1.828,2310.0,788.0,222746.0,167316.0
107640.KQ,한중엔시에스,KOSDAQ,389491687424.0,,,,,0.318,57200.0,18500.0,148410.0,219806.0
079170.KQ,한창산업,KOSDAQ,34844770304.0,,,,,,8690.0,6200.0,6885.0,13044.0
054920.KQ,한컴위드,KOSDAQ,94682890240.0,,,,,,6090.0,2415.0,94667.0,736303.0
457370.KQ,한켐,KOSDAQ,55941029888.0,,,,,,11860.0,7070.0,53922.0,87496.0
002680.KQ,한탑,KOSDAQ,22021928960.0,,,,,0.272,998.0,650.0,107899.0,671044.0
098070.KQ,한텍,KOSDAQ,356988616704.0,,,,,,55000.0,23650.0,95831.0,364936.0
455310.KQ,한화플러스제4호스팩,KOSDAQ,10524800000.0,,,,,0.054,2090.0,1970.0,15095.0,7040.0
498390.KQ,한화플러스제5호스팩,KOSDAQ,9905120256.0,,,,,,2100.0,1960.0,7781.0,9548.0
034810.KQ,해성산업,KOSDAQ,213363720192.0,,,,3.13,0.771,8770.0,5210.0,25584.0,59458.0
03481K.KQ,해성산업1우,KOSDAQ,,,,,3.23,0.771,8480.0,6230.0,423.0,2239.0
059270.KQ,해성에어로보틱스,KOSDAQ,80213753856.0,,,,,0.594,11350.0,4700.0,237852.0,680256.0
076610.KQ,해성옵틱스,KOSDAQ,21450041344.0,,,,,0.466,1285.0,487.0,245657.0,511966.0
220180.KQ,핸디소프트,KOSDAQ,39495278592.0,,,,,0.207,3940.0,1966.0,19808.0,147769.0
900270.KQ,헝셩그룹,KOSDAQ,38737690624.0,,,,,0.678,352.0,194.0,2576708.0,5605848.0
214180.KQ,헥토이노베이션,KOSDAQ,203956486144.0,,,,3.15,0.724,18490.0,11260.0,19362.0,67554.0
234340.KQ,헥토파이낸셜,KOSDAQ,204649824256.0,,,,1.55,1.476,22900.0,7833.3335,140547.0,731632.0
084990.KQ,헬릭스미스,KOSDAQ,245429911552.0,,,,,,7770.0,2115.0,233109.0,589970.0
187660.KQ,현대ADM,KOSDAQ,111678930944.0,,,,,0.873,3795.0,1118.0,753009.0,5140061.0
170030.KQ,현대공업,KOSDAQ,88621940736.0,,,,3.37,0.635,7900.0,4410.0,57233.0,226863.0
319400.KQ,현대무벡스,KOSDAQ,906125967360.0,,,,0.6,2.586,13290.0,2700.0,1384979.0,7110680.0
048410.KQ,현대바이오,KOSDAQ,447060180992.0,,,,,0.894,8225.0,4325.0,456339.0,839348.0
052260.KQ,현대바이오랜드,KOSDAQ,131699998720.0,,,,,,5420.0,3825.0,94218.0,121077.0
016790.KQ,현대사료,KOSDAQ,0.0,,,,,,994.0,994.0,,
041440.KQ,현대에버다임,KOSDAQ,137381183488.0,,,,0.91,0.064,12060.0,6880.0,292123.0,69024.0
039010.KQ,현대에이치티,KOSDAQ,61064339456.0,,,,5.09,0.633,10530.0,5690.0,58972.0,61480.0
090850.KQ,현대이지웰,KOSDAQ,115978027008.0,,,,,,7300.0,4765.0,96100.0,90789.0
460930.KQ,현대힘스,KOSDAQ,638637703168.0,,,,0.56,,33450.0,11000.0,255929.0,1653675.0
092300.KQ,현우산업,KOSDAQ,61479895040.0,,,,1.49,1.382,3975.0,2175.0,253872.0,1010721.0
138360.KQ,협진,KOSDAQ,44596539392.0,,,,,0.579,1534.0,555.0,131074.0,411113.0
011080.KQ,형지I&C,KOSDAQ,30418329600.0,,,,,,3500.0,496.0,2915471.0,4238223.0
308100.KQ,형지글로벌,KOSDAQ,15063918592.0,,,,,0.664,8700.0,1368.0,329490.0,735761.0
064240.KQ,홈캐스트,KOSDAQ,66144432128.0,,,,,,3205.0,1700.0,53602.0,91285.0
039610.KQ,화성밸브,KOSDAQ,79327248384.0,,,,,,13290.0,6980.0,46783.0,112559.0
126640.KQ,화신정공,KOSDAQ,45642797056.0,,,,,,1979.0,1051.0,100467.0,295062.0
127980.KQ,화인써키트,KOSDAQ,69735440384.0,,,,5.94,-0.398,6870.0,5420.0,10431.0,21456.0
061250.KQ,화일약품,KOSDAQ,90677280768.0,,,,,0.48,1470.0,1003.0,227852.0,1846900.0
097870.KQ,효성오앤비,KOSDAQ,48681299968.0,,,,,,10470.0,5170.0,14461.0,26638.0
290270.KQ,휴네시온,KOSDAQ,32429105152.0,,,,1.14,0.579,4990.0,3095.0,17504.0,164959.0
353190.KQ,휴럼,KOSDAQ,26737328128.0,,,,,0.607,846.0,632.0,118983.0,113152.0
090710.KQ,휴림로봇,KOSDAQ,548200415232.0,,,,,,7830.0,1250.0,4714382.0,20990658.0
078590.KQ,휴림에이텍,KOSDAQ,51507970048.0,,,,,,1062.0,445.0,1739517.0,5084534.0
205470.KQ,휴마시스,KOSDAQ,137708224512.0,,,,,0.049,2175.0,1180.0,571672.0,730538.0
115160.KQ,휴맥스,KOSDAQ,38723039232.0,,,,,0.75,1536.0,896.0,51142.0,101317.0
028080.KQ,휴맥스홀딩스,KOSDAQ,16868399104.0,,,,,0.437,4430.0,1501.0,10843.0,109566.0
175140.KQ,휴먼테크놀로지,KOSDAQ,118038536192.0,,,,,-0.447,6870.0,4005.0,33935.0,76612.0
200670.KQ,휴메딕스,KOSDAQ,458971185152.0,,,,2.37,0.402,77200.0,30100.0,79223.0,182005.0
065510.KQ,휴비츠,KOSDAQ,88110948352.0,,,,2.47,0.316,9930.0,6580.0,28174.0,57411.0
263920.KQ,휴엠앤씨,KOSDAQ,36440530944.0,,,,,0.167,5550.0,3675.0,4906.0,16285.0
243070.KQ,휴온스,KOSDAQ,336153411584.0,,,,3.64,0.148,32200.0,21800.0,23739.0,31744.0
084110.KQ,휴온스글로벌,KOSDAQ,632143085568.0,,,,,,65900.0,29300.0,97871.0,82340.0
145020.KQ,휴젤,KOSDAQ,2429345595392.0,,,,,,392000.0,208500.0,38746.0,76503.0
024060.KQ,흥구석유,KOSDAQ,173181124608.0,,,,,,21050.0,9280.0,95695.0,227599.0
010240.KQ,흥국,KOSDAQ,55846559744.0,,,,,,6030.0,4705.0,15407.0,19293.0
189980.KQ,흥국에프엔비,KOSDAQ,62450900992.0,,,,12.39,0.562,2075.0,1385.0,35637.0,89392.0
037440.KQ,희림,KOSDAQ,56242237440.0,,,,3.37,0.83,6660.0,3905.0,94165.0,65463.0
238490.KQ,힘스,KOSDAQ,36796301312.0,,,,,0.621,4840.0,3135.0,10206.0,88209.0
